bird_id,species,x_km,y_km
SN00059,snow_goose,2.296446,5.444117
SN00435,snow_goose,9.672449,2.32448
SN00300,snow_goose,7.931862,2.120215
SN00363,snow_goose,12.39022,11.18694
SN00489,snow_goose,9.082085,3.004203
SN00111,snow_goose,5.258563,10.481707
SA00387,sandhill_crane,14.595597,13.373834
SN00191,snow_goose,1.445188,4.573879
SA00334,sandhill_crane,5.089807,10.102026
SA00333,sandhill_crane,8.765332,2.995122
SA00123,sandhill_crane,2.761063,5.810622
SA00461,sandhill_crane,13.519324,11.304489
SA00385,sandhill_crane,12.369156,9.810162
SN00071,snow_goose,12.850365,3.066518
SA00228,sandhill_crane,15.759274,3.476595
SN00018,snow_goose,6.506561,4.768846
SN00478,snow_goose,14.563003,12.771551
SA00386,sandhill_crane,12.893984,2.218211
SN00233,snow_goose,5.551588,9.164048
SN00177,snow_goose,13.71783,12.476204
SN00343,snow_goose,8.766982,3.306929
SN00409,snow_goose,12.24725,2.478297
SN00456,snow_goose,5.700558,10.449635
SA00136,sandhill_crane,12.835087,2.19851
SN00419,snow_goose,8.744266,1.607694
SN00372,snow_goose,15.700686,3.150939
SN00088,snow_goose,5.681506,11.145609
SN00401,snow_goose,12.873595,3.158413
SA00356,sandhill_crane,6.776243,5.781028
SA00468,sandhill_crane,12.588675,2.58652
SN00136,snow_goose,13.674667,2.449452
SN00313,snow_goose,11.699267,2.289583
SA00052,sandhill_crane,16.12882,3.150899
SN00011,snow_goose,2.76787,5.017543
SA00500,sandhill_crane,5.200475,10.744864
SN00006,snow_goose,5.240387,10.515291
SA00389,sandhill_crane,5.817215,5.165961
SA00099,sandhill_crane,13.457136,12.957167
SA00164,sandhill_crane,12.512211,11.199573
SA00053,sandhill_crane,16.555455,4.075702
SN00415,snow_goose,2.313504,4.956051
SA00238,sandhill_crane,12.320371,10.897073
SN00443,snow_goose,14.396159,12.361741
SN00165,snow_goose,11.735301,2.563927
SN00119,snow_goose,5.846576,5.360085
SA00178,sandhill_crane,4.485709,10.238814
SN00070,snow_goose,12.139656,10.786894
SA00130,sandhill_crane,17.246152,3.447259
SA00362,sandhill_crane,3.178928,4.698149
SA00001,sandhill_crane,8.166257,1.276901
SA00474,sandhill_crane,7.86177,1.828284
SA00150,sandhill_crane,6.525889,5.908871
SN00371,snow_goose,12.586423,2.880356
SN00036,snow_goose,6.372836,10.017956
SA00087,sandhill_crane,12.366206,11.143633
SA00242,sandhill_crane,2.109239,5.681784
SN00218,snow_goose,14.282699,13.023956
SN00342,snow_goose,8.964264,3.031173
SA00219,sandhill_crane,5.428452,10.454116
SA00026,sandhill_crane,6.600741,5.705539
SN00301,snow_goose,2.248701,5.1867
SA00223,sandhill_crane,16.573198,4.257481
SN00069,snow_goose,16.23766,3.618113
SN00426,snow_goose,12.46106,10.333355
SN00030,snow_goose,13.622797,13.410966
SN00468,snow_goose,6.16354,5.345186
SN00330,snow_goose,6.031593,10.65275
SN00394,snow_goose,5.8411,4.397344
SN00007,snow_goose,12.951552,11.385446
SA00060,sandhill_crane,15.502697,3.741235
SN00498,snow_goose,12.35369,10.478545
SA00302,sandhill_crane,6.896384,5.346397
SN00015,snow_goose,9.689769,2.356171
SN00086,snow_goose,5.131675,10.099888
SA00303,sandhill_crane,6.051345,10.023248
SN00079,snow_goose,16.300249,3.597173
SA00300,sandhill_crane,5.290401,10.406327
SN00464,snow_goose,16.099159,3.564843
SN00089,snow_goose,9.053649,2.531978
SN00283,snow_goose,12.072983,2.70622
SA00272,sandhill_crane,12.349325,9.563434
SA00034,sandhill_crane,13.648828,14.002945
SA00175,sandhill_crane,15.805374,3.706247
SN00318,snow_goose,11.503361,10.173153
SN00373,snow_goose,8.947084,3.00434
SA00445,sandhill_crane,5.283594,9.115001
SN00123,snow_goose,7.641482,6.489692
SA00147,sandhill_crane,5.696005,10.301653
SA00368,sandhill_crane,16.597926,3.792742
SN00097,snow_goose,5.743023,8.91124
SN00381,snow_goose,6.242184,5.522262
SA00413,sandhill_crane,7.30519,5.761593
SA00180,sandhill_crane,14.097527,12.745859
SA00448,sandhill_crane,1.744726,4.99785
SA00485,sandhill_crane,11.434484,2.921325
SA00125,sandhill_crane,11.710325,2.541733
SN00353,snow_goose,12.575766,1.856031
SN00014,snow_goose,12.93876,2.628455
SA00214,sandhill_crane,6.657406,9.51578
SA00181,sandhill_crane,6.415453,5.289831
SN00402,snow_goose,5.796587,9.944265
SA00268,sandhill_crane,16.189027,2.533348
SA00353,sandhill_crane,12.164743,11.571334
SA00234,sandhill_crane,7.09737,5.262578
SN00225,snow_goose,3.045989,5.390685
SA00298,sandhill_crane,13.613011,12.454621
SN00268,snow_goose,15.533026,3.89055
SN00017,snow_goose,12.222006,2.055831
SN00117,snow_goose,12.466796,10.42784
SA00374,sandhill_crane,8.752987,2.31251
SA00308,sandhill_crane,11.29494,3.606741
SA00196,sandhill_crane,8.469542,2.671931
SN00196,snow_goose,5.362052,9.119074
SN00162,snow_goose,12.650723,10.605687
SA00440,sandhill_crane,12.609422,2.845605
SA00328,sandhill_crane,11.880167,2.312018
SA00091,sandhill_crane,14.517039,13.185084
SN00352,snow_goose,13.713331,12.401689
SA00462,sandhill_crane,5.682731,10.531855
SN00458,snow_goose,12.70307,2.31746
SN00423,snow_goose,2.577457,5.778799
SN00095,snow_goose,15.250037,3.555658
SA00089,sandhill_crane,4.259309,10.571508
SN00004,snow_goose,5.788906,10.168913
SN00308,snow_goose,6.64792,6.1438
SA00497,sandhill_crane,13.128238,2.436407
SN00287,snow_goose,8.805538,2.523639
SN00122,snow_goose,15.339324,3.22834
SA00051,sandhill_crane,2.169356,4.858076
SN00025,snow_goose,1.875253,5.684656
SN00102,snow_goose,12.305334,10.102958
SN00107,snow_goose,16.007145,3.507056
SA00039,sandhill_crane,4.826156,10.284806
SA00376,sandhill_crane,12.092596,9.827918
SN00093,snow_goose,13.107306,12.230694
SN00063,snow_goose,15.560085,2.839438
SA00384,sandhill_crane,13.223212,10.768967
SN00172,snow_goose,6.253106,6.4908
SN00080,snow_goose,5.324535,10.164244
SN00092,snow_goose,12.794376,10.6374
SA00397,sandhill_crane,2.095212,4.840788
SA00495,sandhill_crane,6.207887,9.957294
SA00358,sandhill_crane,16.454643,4.150814
SA00103,sandhill_crane,13.937403,13.044504
SA00325,sandhill_crane,7.663207,2.536136
SA00352,sandhill_crane,12.401901,10.740026
SA00100,sandhill_crane,5.730146,10.166519
SA00155,sandhill_crane,2.480264,4.997072
SA00243,sandhill_crane,12.212086,10.646541
SN00137,snow_goose,7.206001,4.818694
SN00182,snow_goose,2.277343,5.674266
SA00182,sandhill_crane,16.925851,3.310218
SN00037,snow_goose,2.754699,5.154146
SN00027,snow_goose,6.131379,5.54949
SA00141,sandhill_crane,12.343808,1.875176
SN00408,snow_goose,12.279026,10.382341
SN00341,snow_goose,9.077471,1.897625
SN00010,snow_goose,13.855607,12.172064
SA00220,sandhill_crane,5.126262,10.137383
SA00287,sandhill_crane,14.952884,13.205438
SA00212,sandhill_crane,5.431114,9.873093
SN00451,snow_goose,9.012381,2.633608
SA00069,sandhill_crane,13.228147,2.950305
SA00003,sandhill_crane,12.272402,11.072685
SA00301,sandhill_crane,13.799662,12.847972
SN00412,snow_goose,12.725891,10.798256
SN00499,snow_goose,14.109404,12.022052
SA00134,sandhill_crane,17.359958,3.984113
SA00400,sandhill_crane,16.978202,3.40779
SN00046,snow_goose,13.02254,2.187919
SN00496,snow_goose,15.909519,2.987266
SA00059,sandhill_crane,13.094439,11.542832
SN00078,snow_goose,12.646407,11.030211
SA00439,sandhill_crane,12.167147,9.879469
SA00124,sandhill_crane,5.665175,10.079711
SN00472,snow_goose,13.052773,10.568887
SA00111,sandhill_crane,8.704515,2.860025
SN00155,snow_goose,8.838494,2.034438
SA00390,sandhill_crane,12.015764,9.675857
SA00171,sandhill_crane,12.020747,2.164318
SN00219,snow_goose,4.016623,5.111049
SN00246,snow_goose,12.261925,10.396727
SA00398,sandhill_crane,6.146854,10.107827
SA00094,sandhill_crane,2.289629,4.875637
SN00376,snow_goose,6.099223,9.589997
SN00290,snow_goose,11.819575,2.958145
SN00197,snow_goose,11.665392,2.4052
SN00120,snow_goose,12.748165,1.963531
SN00156,snow_goose,2.94465,5.636803
SA00279,sandhill_crane,6.684295,4.753519
SA00459,sandhill_crane,16.166881,3.81462
SN00378,snow_goose,13.189485,12.0679
SN00021,snow_goose,8.062299,2.736361
SN00022,snow_goose,12.039734,10.378748
SA00493,sandhill_crane,16.50659,4.202088
SA00261,sandhill_crane,4.028154,9.943198
SA00174,sandhill_crane,16.69175,3.588639
SN00259,snow_goose,12.812607,1.741304
SA00414,sandhill_crane,14.2725,11.100903
SN00243,snow_goose,13.618722,13.494767
SN00405,snow_goose,12.959462,14.301142
SA00020,sandhill_crane,12.078717,2.400429
SN00016,snow_goose,13.570707,13.152563
SN00261,snow_goose,12.384448,2.25367
SA00173,sandhill_crane,12.604836,9.570624
SA00450,sandhill_crane,12.712479,10.432193
SN00224,snow_goose,12.485731,11.156037
SA00194,sandhill_crane,12.411831,2.531787
SA00364,sandhill_crane,11.987464,1.621333
SN00396,snow_goose,11.639216,2.592021
SN00114,snow_goose,6.857014,5.459838
SN00058,snow_goose,1.946638,5.143303
SN00285,snow_goose,8.595644,2.412089
SN00126,snow_goose,15.631785,3.418497
SA00409,sandhill_crane,9.513171,2.52118
SA00442,sandhill_crane,6.449881,5.374307
SA00110,sandhill_crane,13.647238,13.44121
SN00154,snow_goose,9.01331,3.068435
SN00163,snow_goose,12.986843,13.593569
SN00494,snow_goose,2.836152,4.716385
SA00255,sandhill_crane,1.259288,4.717594
SA00048,sandhill_crane,5.189038,10.258432
SA00248,sandhill_crane,12.286315,10.622501
SN00320,snow_goose,13.075906,2.199364
SN00183,snow_goose,15.956146,2.101775
SN00368,snow_goose,2.007473,4.861785
SA00383,sandhill_crane,11.758093,1.733682
SN00258,snow_goose,9.435898,2.459704
SN00094,snow_goose,3.153687,5.276361
SN00479,snow_goose,2.349678,4.952303
SA00494,sandhill_crane,11.01031,1.71659
SA00310,sandhill_crane,14.248108,12.456561
SA00236,sandhill_crane,11.765966,1.719241
SA00321,sandhill_crane,12.857378,3.605548
SN00181,snow_goose,11.995787,10.404719
SA00019,sandhill_crane,6.557451,5.989027
SN00486,snow_goose,5.312918,5.268858
SN00146,snow_goose,12.481658,1.391645
SA00197,sandhill_crane,12.493489,2.875752
SN00417,snow_goose,6.122036,4.4091
SA00345,sandhill_crane,12.176073,9.777022
SN00132,snow_goose,1.866448,4.736999
SN00403,snow_goose,9.144638,2.088361
SA00169,sandhill_crane,12.531409,2.190692
SN00392,snow_goose,5.583029,10.342219
SA00148,sandhill_crane,6.98642,5.392985
SA00041,sandhill_crane,13.696959,12.371986
SN00166,snow_goose,14.054385,12.756955
SN00215,snow_goose,12.208012,10.552324
SN00462,snow_goose,13.605144,13.312233
SN00222,snow_goose,16.511849,3.221973
SA00425,sandhill_crane,13.776295,13.156076
SN00075,snow_goose,6.442379,6.634392
SA00252,sandhill_crane,13.514024,12.737763
SN00170,snow_goose,5.528625,9.917607
SN00194,snow_goose,11.723868,10.039266
SA00229,sandhill_crane,6.658262,10.274757
SA00167,sandhill_crane,2.613911,5.174708
SN00336,snow_goose,12.822629,2.091726
SN00067,snow_goose,14.01879,12.166182
SN00454,snow_goose,8.521618,2.807733
SN00234,snow_goose,8.009425,2.148268
SN00023,snow_goose,7.029735,5.934429
SA00498,sandhill_crane,2.613552,6.268693
SN00388,snow_goose,3.355744,4.888335
SN00118,snow_goose,7.008467,5.767122
SA00416,sandhill_crane,11.95955,2.345456
SA00395,sandhill_crane,5.714421,10.239588
SN00339,snow_goose,16.463788,4.213163
SN00150,snow_goose,13.764985,12.300039
SA00109,sandhill_crane,12.750625,10.663055
SN00171,snow_goose,5.369015,10.129254
SN00314,snow_goose,9.399292,2.411225
SA00330,sandhill_crane,8.842668,2.167293
SN00487,snow_goose,16.35026,3.023314
SN00346,snow_goose,6.578795,4.937645
SN00214,snow_goose,5.459223,10.317444
SA00035,sandhill_crane,5.569606,10.039096
SN00490,snow_goose,2.723916,5.274661
SA00115,sandhill_crane,12.770032,2.558362
SA00008,sandhill_crane,13.553802,13.124883
SN00445,snow_goose,5.780401,9.34533
SA00347,sandhill_crane,8.186153,2.445693
SN00337,snow_goose,6.260532,5.110643
SN00442,snow_goose,8.191034,3.171078
SA00447,sandhill_crane,8.083491,2.089969
SA00116,sandhill_crane,14.351499,12.192588
SN00188,snow_goose,5.720086,5.870614
SA00067,sandhill_crane,11.752955,2.356383
SA00158,sandhill_crane,1.861005,5.183443
SN00173,snow_goose,12.559284,2.829771
SN00463,snow_goose,12.971028,12.785146
SA00286,sandhill_crane,5.897464,5.112728
SA00057,sandhill_crane,11.862791,2.604542
SA00151,sandhill_crane,6.108181,5.535381
SN00422,snow_goose,13.105351,11.343049
SA00044,sandhill_crane,13.317642,11.954253
SN00449,snow_goose,12.528968,10.911138
SA00207,sandhill_crane,12.302087,3.076103
SN00091,snow_goose,12.140571,1.929801
SA00056,sandhill_crane,6.421079,5.431505
SA00259,sandhill_crane,6.990588,4.881676
SN00247,snow_goose,13.302267,10.259167
SA00486,sandhill_crane,2.221309,4.922634
SN00410,snow_goose,12.601853,10.574789
SN00397,snow_goose,11.341884,2.403174
SA00283,sandhill_crane,2.575227,4.714423
SA00285,sandhill_crane,12.614721,3.062888
SN00309,snow_goose,13.805425,12.407571
SN00379,snow_goose,12.18769,3.182807
SN00053,snow_goose,5.916881,10.544862
SN00465,snow_goose,4.821284,10.501093
SN00269,snow_goose,16.624906,3.870417
SA00144,sandhill_crane,6.772594,5.609854
SA00344,sandhill_crane,6.467697,5.687526
SA00127,sandhill_crane,7.796303,2.559231
SN00060,snow_goose,5.826522,5.657647
SN00251,snow_goose,13.992263,12.290185
SA00437,sandhill_crane,16.768268,2.936625
SN00034,snow_goose,5.326577,10.657837
SA00135,sandhill_crane,12.168026,10.433712
SA00170,sandhill_crane,1.614854,5.55014
SN00210,snow_goose,6.91922,5.483721
SN00322,snow_goose,2.391612,4.264869
SA00470,sandhill_crane,13.389258,13.097103
SN00121,snow_goose,6.561989,10.420791
SN00149,snow_goose,5.582151,8.818732
SN00108,snow_goose,15.845952,2.999784
SA00097,sandhill_crane,4.703594,11.090433
SN00135,snow_goose,12.103512,3.378361
SA00009,sandhill_crane,2.104025,5.909986
SN00488,snow_goose,2.695345,4.676076
SA00250,sandhill_crane,5.229308,10.450728
SA00427,sandhill_crane,4.971536,10.376469
SA00340,sandhill_crane,11.950648,1.838739
SA00186,sandhill_crane,8.202243,2.474825
SN00052,snow_goose,15.904513,4.384175
SA00038,sandhill_crane,16.451936,4.038575
SN00255,snow_goose,6.252112,5.43245
SN00043,snow_goose,9.325583,2.507578
SN00265,snow_goose,13.847044,10.736423
SN00307,snow_goose,5.003546,10.664767
SN00497,snow_goose,9.155531,1.806899
SN00003,snow_goose,3.141823,5.182528
SA00021,sandhill_crane,1.966504,5.283979
SN00039,snow_goose,5.985388,4.822454
SN00414,snow_goose,1.78048,4.100577
SA00086,sandhill_crane,12.601845,11.320602
SA00331,sandhill_crane,6.758025,6.181694
SA00209,sandhill_crane,6.718482,6.366638
SN00399,snow_goose,15.432202,2.612771
SN00359,snow_goose,6.697754,6.575607
SA00375,sandhill_crane,11.709953,2.828708
SA00118,sandhill_crane,13.876658,12.509422
SN00147,snow_goose,13.716371,12.669286
SA00402,sandhill_crane,8.727712,2.914001
SA00438,sandhill_crane,3.276811,6.190646
SN00476,snow_goose,14.535341,13.236808
SN00434,snow_goose,6.81122,5.439412
SA00475,sandhill_crane,8.445518,1.504363
SN00356,snow_goose,6.154136,5.484357
SA00080,sandhill_crane,6.867525,4.835134
SA00146,sandhill_crane,14.237646,13.299772
SN00474,snow_goose,13.379361,13.269455
SN00072,snow_goose,5.350828,10.000023
SA00142,sandhill_crane,12.774518,3.029664
SN00328,snow_goose,13.329132,12.559039
SN00208,snow_goose,12.264721,11.015756
SA00392,sandhill_crane,11.650201,2.627933
SA00101,sandhill_crane,14.001166,12.984769
SA00042,sandhill_crane,15.558382,3.416521
SA00049,sandhill_crane,6.256898,5.550415
SN00184,snow_goose,16.55852,3.824704
SA00488,sandhill_crane,12.887211,10.541822
SA00072,sandhill_crane,8.854858,2.068151
SN00066,snow_goose,12.336513,2.578897
SN00169,snow_goose,5.530764,10.210427
SN00041,snow_goose,12.425284,2.181713
SN00110,snow_goose,5.589929,10.353012
SN00241,snow_goose,5.775903,9.214509
SA00104,sandhill_crane,13.920699,13.220428
SN00325,snow_goose,14.021452,13.789798
SN00429,snow_goose,16.631221,3.759669
SA00339,sandhill_crane,8.085532,2.972859
SN00436,snow_goose,16.907234,3.811435
SA00417,sandhill_crane,15.662805,3.221757
SA00284,sandhill_crane,6.10244,5.653558
SA00323,sandhill_crane,11.541055,10.553488
SA00046,sandhill_crane,12.112338,2.215393
SN00406,snow_goose,12.186973,10.783182
SN00211,snow_goose,7.964425,2.671903
SN00323,snow_goose,11.941024,11.466962
SN00047,snow_goose,14.598335,12.978985
SN00473,snow_goose,6.47572,5.712439
SN00485,snow_goose,16.679186,3.917563
SN00306,snow_goose,12.128405,10.664782
SN00200,snow_goose,12.781013,10.930743
SA00161,sandhill_crane,15.79354,2.702411
SA00487,sandhill_crane,13.98106,13.000019
SN00286,snow_goose,5.25789,9.27286
SA00394,sandhill_crane,8.714455,2.735576
SA00082,sandhill_crane,12.188869,2.540627
SA00232,sandhill_crane,12.345215,10.858999
SA00204,sandhill_crane,9.307465,1.2085
SN00250,snow_goose,2.332721,4.2423
SA00496,sandhill_crane,12.867591,12.455015
SN00129,snow_goose,13.934898,12.256237
SA00483,sandhill_crane,6.778111,5.795312
SA00018,sandhill_crane,5.873287,10.168554
SA00343,sandhill_crane,4.38587,4.332681
SN00270,snow_goose,12.25049,10.946812
SN00103,snow_goose,12.10884,10.703738
SN00293,snow_goose,1.829404,5.481639
SN00289,snow_goose,12.517158,10.44048
SN00235,snow_goose,11.700896,2.943535
SA00266,sandhill_crane,16.868894,3.370888
SA00071,sandhill_crane,7.097938,6.131351
SN00139,snow_goose,14.319468,13.039805
SA00157,sandhill_crane,8.142446,2.42311
SN00152,snow_goose,4.828858,9.947303
SA00031,sandhill_crane,4.464383,9.311946
SN00316,snow_goose,17.144492,3.118008
SN00278,snow_goose,6.060865,5.770871
SN00064,snow_goose,11.584077,3.025123
SA00205,sandhill_crane,5.912118,10.353639
SN00133,snow_goose,6.733719,5.674823
SA00309,sandhill_crane,8.146041,2.411756
SA00404,sandhill_crane,13.708025,12.405318
SN00249,snow_goose,5.386746,9.842478
SA00050,sandhill_crane,11.992969,11.291526
SA00062,sandhill_crane,14.063,13.432372
SN00081,snow_goose,3.403222,5.085618
SN00331,snow_goose,5.048502,9.861667
SN00348,snow_goose,11.794893,2.583453
SA00269,sandhill_crane,9.396346,2.332761
SA00482,sandhill_crane,9.043373,1.47798
SA00350,sandhill_crane,12.731788,1.866098
SN00252,snow_goose,16.351204,3.319317
SA00121,sandhill_crane,16.31094,4.262852
SA00085,sandhill_crane,12.224995,10.947725
SN00262,snow_goose,5.56054,9.860606
SN00240,snow_goose,5.154755,9.924035
SA00379,sandhill_crane,2.103929,4.422161
SN00038,snow_goose,16.560743,3.660083
SN00333,snow_goose,5.745107,9.510341
SN00441,snow_goose,13.321135,12.811759
SN00198,snow_goose,8.939626,1.631225
SN00157,snow_goose,2.037119,5.97412
SN00101,snow_goose,12.0775,10.161927
SA00137,sandhill_crane,5.248396,10.165388
SA00244,sandhill_crane,3.087767,4.538634
SA00464,sandhill_crane,16.547308,4.418577
SA00480,sandhill_crane,2.581906,5.305069
SN00231,snow_goose,5.990222,10.331318
SA00456,sandhill_crane,13.160653,12.101328
SA00081,sandhill_crane,8.278462,1.843215
SN00296,snow_goose,8.397341,2.48751
SA00183,sandhill_crane,7.094161,5.95259
SA00367,sandhill_crane,12.160979,11.575232
SA00015,sandhill_crane,11.035086,3.094993
SA00388,sandhill_crane,4.874597,10.466544
SN00209,snow_goose,5.76358,5.655607
SN00239,snow_goose,8.842168,2.443537
SN00153,snow_goose,13.576406,12.590783
SN00281,snow_goose,8.604237,2.086196
SA00460,sandhill_crane,7.684585,2.256311
SA00403,sandhill_crane,17.130354,3.12003
SN00012,snow_goose,13.195554,13.013998
SN00266,snow_goose,15.862955,4.274526
SN00351,snow_goose,12.108907,10.661867
SN00369,snow_goose,13.758597,12.127738
SA00492,sandhill_crane,6.639256,5.698808
SN00228,snow_goose,16.155836,3.740586
SN00304,snow_goose,12.412963,10.936107
SN00244,snow_goose,2.334521,4.747101
SN00199,snow_goose,2.306851,5.923893
SA00188,sandhill_crane,12.218738,10.437737
SN00178,snow_goose,8.806649,2.57706
SN00056,snow_goose,14.137726,12.884819
SN00140,snow_goose,17.114932,3.110925
SA00138,sandhill_crane,2.762375,5.189685
SA00399,sandhill_crane,13.070291,10.884787
SA00192,sandhill_crane,13.587764,2.943997
SN00334,snow_goose,6.146511,5.471254
SN00280,snow_goose,2.659226,6.327862
SN00238,snow_goose,14.025175,12.560804
SN00345,snow_goose,11.85284,3.060569
SA00241,sandhill_crane,7.015904,5.746782
SA00203,sandhill_crane,11.533643,2.841208
SA00365,sandhill_crane,5.725224,9.936793
SN00315,snow_goose,2.131666,4.688337
SA00381,sandhill_crane,12.186956,1.920517
SA00304,sandhill_crane,13.138221,2.194268
SA00421,sandhill_crane,8.361073,2.608115
SN00275,snow_goose,12.370936,10.448482
SA00078,sandhill_crane,12.174233,11.090575
SN00257,snow_goose,2.096357,5.330016
SN00344,snow_goose,2.05707,5.38287
SA00280,sandhill_crane,2.746175,5.576194
SA00211,sandhill_crane,14.099037,13.39884
SA00156,sandhill_crane,16.158572,3.199093
SN00457,snow_goose,7.101344,5.940171
SN00190,snow_goose,13.39705,12.495534
SN00002,snow_goose,2.267705,4.796696
SA00240,sandhill_crane,9.003434,2.391634
SN00361,snow_goose,4.511597,9.290904
SN00375,snow_goose,15.788507,2.859981
SN00227,snow_goose,12.097635,11.097587
SA00208,sandhill_crane,13.706893,12.054663
SA00092,sandhill_crane,2.101778,5.27997
SA00047,sandhill_crane,12.937051,2.834709
SA00199,sandhill_crane,14.014417,12.028561
SA00342,sandhill_crane,3.038031,5.275172
SA00271,sandhill_crane,11.721259,10.354847
SA00193,sandhill_crane,12.516793,2.185934
SA00221,sandhill_crane,11.994455,10.457381
SA00433,sandhill_crane,2.54298,5.309632
SA00469,sandhill_crane,12.109128,11.374604
SA00288,sandhill_crane,8.669375,2.660649
SA00189,sandhill_crane,9.244273,3.177914
SN00100,snow_goose,14.547791,13.369948
SN00125,snow_goose,12.118636,2.353546
SA00406,sandhill_crane,12.460276,2.625117
SA00033,sandhill_crane,13.487219,12.271536
SA00254,sandhill_crane,16.591833,2.234387
SN00493,snow_goose,9.297507,2.402867
SA00098,sandhill_crane,6.135955,6.067703
SN00077,snow_goose,5.219495,5.474883
SN00398,snow_goose,12.460859,11.372631
SN00096,snow_goose,12.468352,2.094392
SA00126,sandhill_crane,6.736816,5.45595
SN00425,snow_goose,12.26691,2.270872
SN00105,snow_goose,16.544468,3.536482
SN00453,snow_goose,5.291932,9.78844
SA00472,sandhill_crane,12.947324,2.80621
SN00099,snow_goose,11.837567,10.851612
SN00354,snow_goose,17.040499,2.628638
SA00429,sandhill_crane,16.643589,3.287393
SA00231,sandhill_crane,13.782844,13.06554
SN00032,snow_goose,2.137376,5.315999
SN00201,snow_goose,12.414178,2.886839
SN00001,snow_goose,4.349242,10.014108
SA00191,sandhill_crane,5.190571,9.502398
SA00027,sandhill_crane,6.580268,4.553801
SN00484,snow_goose,6.3642,10.622191
SN00180,snow_goose,9.767731,3.511206
SA00377,sandhill_crane,6.673817,5.487568
SA00061,sandhill_crane,6.350005,4.891115
SA00218,sandhill_crane,12.304525,2.721009
SA00489,sandhill_crane,2.637163,4.881322
SA00064,sandhill_crane,2.243539,5.050048
SN00144,snow_goose,8.794473,2.70007
SN00202,snow_goose,4.575001,5.721493
SA00200,sandhill_crane,12.535163,2.209468
SA00314,sandhill_crane,6.151865,5.255151
SN00254,snow_goose,13.563044,2.009238
SN00459,snow_goose,12.326691,9.895344
SN00284,snow_goose,11.823566,11.369934
SA00225,sandhill_crane,14.27113,13.021406
SN00407,snow_goose,5.910494,10.198939
SA00037,sandhill_crane,16.545237,2.883307
SN00031,snow_goose,8.313065,2.459388
SN00085,snow_goose,12.83409,2.199737
SA00326,sandhill_crane,5.716924,9.932644
SN00491,snow_goose,7.056314,5.192493
SA00458,sandhill_crane,15.985275,3.678907
SN00104,snow_goose,2.340758,5.313005
SN00109,snow_goose,17.117584,3.181207
SA00338,sandhill_crane,6.002027,5.214208
SN00387,snow_goose,2.579786,5.043727
SN00242,snow_goose,6.128084,6.077869
SA00274,sandhill_crane,8.872645,2.28479
SA00455,sandhill_crane,15.785699,3.13373
SA00074,sandhill_crane,7.158163,5.266585
SN00106,snow_goose,15.989823,3.683141
SN00220,snow_goose,15.825501,2.524589
SN00040,snow_goose,12.558681,11.05031
SN00358,snow_goose,6.060015,5.696888
SN00045,snow_goose,13.783513,13.118245
SA00294,sandhill_crane,4.960455,10.476128
SA00090,sandhill_crane,11.062252,10.256491
SA00478,sandhill_crane,8.523179,2.338723
SN00466,snow_goose,5.314764,9.608249
SA00273,sandhill_crane,1.582694,4.959994
SN00292,snow_goose,15.428647,2.839569
SA00296,sandhill_crane,14.20611,11.758563
SA00265,sandhill_crane,6.027121,9.988037
SA00235,sandhill_crane,6.173139,5.228511
SA00332,sandhill_crane,2.699022,4.488022
SN00294,snow_goose,6.203134,5.30151
SA00295,sandhill_crane,11.970509,2.964667
SN00062,snow_goose,11.956074,2.982331
SN00124,snow_goose,14.067287,12.600959
SN00087,snow_goose,6.397835,5.038698
SA00378,sandhill_crane,6.618583,5.668882
SA00307,sandhill_crane,11.516919,10.079856
SN00271,snow_goose,11.591218,11.116595
SA00239,sandhill_crane,12.598552,10.18794
SN00134,snow_goose,15.516213,3.6768
SA00318,sandhill_crane,5.909811,10.341464
SN00143,snow_goose,5.526245,9.850045
SA00093,sandhill_crane,12.657871,11.069032
SN00481,snow_goose,15.703518,3.495742
SN00349,snow_goose,11.881488,2.463826
SA00260,sandhill_crane,12.446789,10.28424
SN00321,snow_goose,8.511496,2.041432
SA00317,sandhill_crane,16.522949,3.128606
SA00282,sandhill_crane,11.928337,2.247491
SN00073,snow_goose,2.046266,4.258415
SA00351,sandhill_crane,6.158128,10.458781
SN00430,snow_goose,2.574365,5.62804
SA00129,sandhill_crane,12.736451,12.905731
SA00264,sandhill_crane,2.051122,6.188161
SN00245,snow_goose,8.443742,2.640083
SN00098,snow_goose,11.58574,9.78561
SN00213,snow_goose,6.009132,6.278424
SN00460,snow_goose,9.192311,3.492804
SN00175,snow_goose,6.276375,5.342205
SA00133,sandhill_crane,5.765733,9.847371
SA00418,sandhill_crane,13.815477,12.778643
SA00163,sandhill_crane,2.900037,5.162541
SA00075,sandhill_crane,6.56571,6.015067
SA00154,sandhill_crane,13.625675,13.1361
SA00446,sandhill_crane,15.94611,3.826365
SN00480,snow_goose,12.453425,10.983863
SN00470,snow_goose,13.16873,10.397989
SA00233,sandhill_crane,11.850976,10.540997
SA00428,sandhill_crane,2.700269,5.062188
SN00142,snow_goose,12.268836,10.694724
SA00088,sandhill_crane,4.433488,10.730222
SN00374,snow_goose,13.972928,12.77862
SN00450,snow_goose,11.721346,2.283482
SN00020,snow_goose,2.813773,5.057235
SA00267,sandhill_crane,5.288225,11.371101
SA00249,sandhill_crane,2.855286,4.640098
SA00424,sandhill_crane,16.412918,3.561134
SN00128,snow_goose,2.398606,5.166752
SA00012,sandhill_crane,16.725806,4.827021
SN00439,snow_goose,12.674471,2.019963
SA00290,sandhill_crane,9.645002,2.477351
SN00400,snow_goose,13.902588,13.081017
SA00432,sandhill_crane,11.841948,10.391864
SA00251,sandhill_crane,9.575018,2.801029
SA00216,sandhill_crane,8.126267,2.876396
SN00082,snow_goose,5.673887,6.4152
SA00226,sandhill_crane,7.126415,6.620935
SN00048,snow_goose,11.788903,1.827466
SA00022,sandhill_crane,5.758781,10.484843
SA00369,sandhill_crane,14.437401,12.579585
SA00043,sandhill_crane,7.70747,2.329567
SN00159,snow_goose,16.851977,2.191322
SN00365,snow_goose,11.52555,3.172907
SN00332,snow_goose,11.561631,9.869167
SN00390,snow_goose,6.570183,5.127518
SA00112,sandhill_crane,12.425896,2.275737
SN00338,snow_goose,8.332275,2.519631
SN00232,snow_goose,12.049146,1.849737
SA00002,sandhill_crane,12.28906,2.19729
SA00436,sandhill_crane,17.523897,3.364565
SN00350,snow_goose,12.763017,1.895547
SN00418,snow_goose,16.590888,4.13743
SA00270,sandhill_crane,12.107753,11.514607
SN00050,snow_goose,3.099366,5.649887
SN00160,snow_goose,16.15058,3.222818
SN00437,snow_goose,3.099768,5.212417
SN00317,snow_goose,12.240999,10.271176
SA00329,sandhill_crane,12.991328,12.840064
SA00322,sandhill_crane,1.83596,4.946301
SN00236,snow_goose,2.683705,5.444636
SA00457,sandhill_crane,16.389491,4.174771
SA00327,sandhill_crane,6.340216,5.01648
SA00476,sandhill_crane,12.963952,11.061112
SA00177,sandhill_crane,12.173877,10.02501
SN00248,snow_goose,8.335719,2.789372
SN00421,snow_goose,6.334906,10.246451
SN00299,snow_goose,12.843811,10.850636
SN00277,snow_goose,6.462336,4.893956
SA00277,sandhill_crane,8.278576,2.30113
SA00449,sandhill_crane,12.936061,11.134564
SN00204,snow_goose,12.394441,10.952563
SN00500,snow_goose,6.957621,5.526952
SA00045,sandhill_crane,11.902674,1.466331
SA00007,sandhill_crane,5.189417,10.366403
SN00324,snow_goose,5.433502,10.840474
SN00492,snow_goose,6.063261,5.803046
SA00010,sandhill_crane,5.477835,10.133568
SA00275,sandhill_crane,12.744397,11.04733
SA00070,sandhill_crane,4.867949,9.872653
SN00024,snow_goose,5.773399,5.966309
SA00117,sandhill_crane,8.625486,2.815669
SN00444,snow_goose,13.977764,12.44996
SA00491,sandhill_crane,16.059485,4.42106
SN00174,snow_goose,1.759677,5.386384
SA00380,sandhill_crane,13.936571,12.544289
SN00431,snow_goose,13.452602,12.063686
SA00198,sandhill_crane,4.896067,9.722376
SA00166,sandhill_crane,4.786293,9.789278
SN00237,snow_goose,11.745965,2.585991
SN00377,snow_goose,5.424218,9.978547
SN00131,snow_goose,8.889653,1.965405
SA00278,sandhill_crane,16.182053,2.947677
SN00113,snow_goose,16.695215,3.218259
SN00279,snow_goose,4.471958,9.612165
SA00355,sandhill_crane,7.714038,2.202365
SA00055,sandhill_crane,16.678836,3.939484
SA00305,sandhill_crane,6.443648,5.557352
SN00141,snow_goose,12.474501,1.451173
SA00396,sandhill_crane,6.463813,5.4923
SN00395,snow_goose,2.422659,5.789637
SA00004,sandhill_crane,16.20209,2.518708
SA00359,sandhill_crane,4.181962,10.948933
SA00452,sandhill_crane,6.317315,10.612307
SN00187,snow_goose,9.198662,2.515036
SA00411,sandhill_crane,1.827608,4.991832
SN00192,snow_goose,8.287963,2.239365
SA00011,sandhill_crane,6.333147,10.02009
SN00205,snow_goose,14.235554,13.25773
SN00482,snow_goose,16.351537,3.311727
SN00447,snow_goose,1.875787,4.641999
SA00162,sandhill_crane,12.749242,2.218675
SN00357,snow_goose,7.584896,5.058454
SN00385,snow_goose,8.522993,1.739339
SN00217,snow_goose,13.816033,13.097225
SN00380,snow_goose,2.647046,4.292279
SA00408,sandhill_crane,6.248554,5.580069
SN00054,snow_goose,13.446569,12.552839
SA00423,sandhill_crane,6.055992,5.913432
SA00299,sandhill_crane,15.881535,3.176793
SN00055,snow_goose,12.430766,3.133081
SN00260,snow_goose,6.629781,5.252803
SN00026,snow_goose,16.487907,3.876788
SA00360,sandhill_crane,9.106997,2.505513
SA00419,sandhill_crane,16.219057,3.274455
SA00206,sandhill_crane,15.660497,4.078588
SA00237,sandhill_crane,12.392118,11.076825
SA00407,sandhill_crane,13.131758,13.002824
SN00438,snow_goose,12.001828,2.173308
SN00291,snow_goose,8.432982,2.580844
SN00253,snow_goose,14.178203,12.836592
SA00441,sandhill_crane,13.472015,12.749428
SN00229,snow_goose,12.35159,1.418913
SN00370,snow_goose,8.61099,1.997636
SA00076,sandhill_crane,8.970318,2.042905
SA00029,sandhill_crane,9.419605,2.747831
SN00272,snow_goose,11.975397,11.319012
SA00306,sandhill_crane,12.811225,1.472411
SN00327,snow_goose,8.899301,2.869972
SA00484,sandhill_crane,16.359416,3.371292
SA00289,sandhill_crane,3.160272,6.020457
SN00446,snow_goose,12.515403,2.742147
SN00411,snow_goose,7.622475,1.872759
SN00051,snow_goose,2.118151,4.763123
SA00028,sandhill_crane,14.644486,12.623472
SA00077,sandhill_crane,11.375321,2.731847
SN00467,snow_goose,12.307233,2.903039
SA00030,sandhill_crane,13.379025,12.847528
SN00340,snow_goose,8.341057,3.126988
SA00201,sandhill_crane,13.845072,12.468122
SA00013,sandhill_crane,13.561558,13.299113
SA00122,sandhill_crane,5.611605,5.54485
SN00230,snow_goose,8.432864,1.85982
SA00341,sandhill_crane,12.125161,11.304929
SA00258,sandhill_crane,5.301579,10.525314
SA00319,sandhill_crane,12.37331,10.983488
SA00132,sandhill_crane,13.973949,12.161384
SA00025,sandhill_crane,6.50697,5.862381
SA00217,sandhill_crane,5.068541,10.600534
SN00076,snow_goose,8.966747,2.45336
SN00029,snow_goose,11.827021,11.24109
SA00311,sandhill_crane,7.053247,5.020518
SA00006,sandhill_crane,16.612483,3.165453
SN00189,snow_goose,13.771421,12.265294
SA00443,sandhill_crane,12.886921,10.236009
SN00495,snow_goose,8.394461,2.372568
SA00024,sandhill_crane,12.791147,2.452596
SA00128,sandhill_crane,9.625548,2.78774
SA00108,sandhill_crane,15.707099,2.372339
SN00319,snow_goose,13.759984,12.357081
SN00386,snow_goose,6.199445,10.026828
SN00112,snow_goose,14.096781,14.163729
SA00401,sandhill_crane,8.274713,2.647579
SN00138,snow_goose,13.932176,13.505916
SN00256,snow_goose,12.322935,9.675566
SA00370,sandhill_crane,13.512575,13.471745
SN00303,snow_goose,6.294463,5.633878
SN00427,snow_goose,12.773563,11.886085
SN00302,snow_goose,13.219517,12.708343
SN00455,snow_goose,14.055828,13.819004
SN00420,snow_goose,12.295552,2.270625
SN00404,snow_goose,6.163961,5.466855
SA00336,sandhill_crane,2.423824,5.54143
SA00348,sandhill_crane,5.637857,10.171137
SA00054,sandhill_crane,12.534077,10.454174
SA00435,sandhill_crane,13.791117,12.889758
SA00467,sandhill_crane,12.844576,10.814863
SN00469,snow_goose,2.563061,4.818173
SA00096,sandhill_crane,5.957291,10.284295
SN00384,snow_goose,16.771859,4.409422
SA00176,sandhill_crane,4.893427,10.037341
SA00213,sandhill_crane,13.943654,12.508523
SN00195,snow_goose,14.688246,13.161424
SA00005,sandhill_crane,8.151929,2.521568
SN00382,snow_goose,8.968926,2.338319
SA00373,sandhill_crane,1.237805,5.015163
SA00253,sandhill_crane,2.748524,5.625743
SN00151,snow_goose,16.78862,3.14197
SN00049,snow_goose,3.317839,4.783014
SA00145,sandhill_crane,14.142647,12.432379
SA00083,sandhill_crane,12.530098,12.994744
SN00297,snow_goose,6.450341,5.255117
SA00165,sandhill_crane,4.57031,10.523223
SN00477,snow_goose,12.579247,10.750727
SA00185,sandhill_crane,15.595857,3.436849
SN00057,snow_goose,13.744172,12.011887
SN00127,snow_goose,3.4068,4.015639
SA00430,sandhill_crane,11.305672,2.743624
SA00153,sandhill_crane,3.734234,4.147591
SA00179,sandhill_crane,16.429513,4.275403
SA00312,sandhill_crane,12.253461,1.666202
SN00274,snow_goose,13.168012,10.303384
SN00193,snow_goose,12.758875,10.369829
SN00360,snow_goose,13.072967,2.513276
SA00313,sandhill_crane,14.06909,12.738481
SA00224,sandhill_crane,3.354815,5.514793
SA00426,sandhill_crane,13.338797,10.517702
SN00475,snow_goose,2.014594,5.584584
SA00014,sandhill_crane,6.923533,4.99274
SA00391,sandhill_crane,5.885794,9.660252
SA00451,sandhill_crane,15.519673,2.215276
SN00005,snow_goose,12.722352,2.886845
SA00372,sandhill_crane,8.499103,1.561437
SN00216,snow_goose,8.772765,1.837073
SN00164,snow_goose,6.802768,5.74855
SA00481,sandhill_crane,13.538945,12.839326
SN00203,snow_goose,7.664853,5.391611
SN00310,snow_goose,13.082955,12.575837
SA00324,sandhill_crane,13.101062,10.830007
SA00073,sandhill_crane,13.778801,13.564709
SN00084,snow_goose,6.346413,5.020244
SN00168,snow_goose,8.346198,2.862197
SN00161,snow_goose,2.654637,5.394499
SN00263,snow_goose,12.894887,10.367743
SA00245,sandhill_crane,8.247873,1.624523
SA00431,sandhill_crane,7.460592,3.053739
SN00068,snow_goose,12.403584,1.825635
SA00114,sandhill_crane,12.824329,10.875164
SN00009,snow_goose,2.671006,5.089325
SN00061,snow_goose,12.818508,2.441791
SA00354,sandhill_crane,5.905439,10.534527
SA00346,sandhill_crane,14.214562,12.363729
SA00257,sandhill_crane,2.756665,5.425305
SA00095,sandhill_crane,13.899243,12.692965
SA00405,sandhill_crane,12.568753,3.494567
SA00335,sandhill_crane,6.043407,5.534436
SN00276,snow_goose,9.563449,3.34797
SN00267,snow_goose,16.500948,3.907569
SN00145,snow_goose,6.028992,5.193798
SA00477,sandhill_crane,2.17341,4.551211
SA00017,sandhill_crane,12.872539,12.213682
SN00212,snow_goose,3.696353,5.368599
SA00032,sandhill_crane,1.998516,5.733193
SN00042,snow_goose,12.633525,2.2011
SN00221,snow_goose,8.708119,2.195044
SA00466,sandhill_crane,2.504788,5.321203
SA00453,sandhill_crane,3.281354,5.946181
SA00297,sandhill_crane,11.710203,2.786156
SA00023,sandhill_crane,2.842446,6.096649
SA00256,sandhill_crane,13.129889,12.584034
SA00079,sandhill_crane,3.098728,5.822384
SA00120,sandhill_crane,12.782766,12.713583
SN00282,snow_goose,5.990874,8.965578
SA00190,sandhill_crane,13.177052,13.284955
SA00159,sandhill_crane,7.303755,6.027466
SN00226,snow_goose,16.732984,2.895559
SN00452,snow_goose,5.068407,9.090724
SA00382,sandhill_crane,2.228747,6.181209
SN00364,snow_goose,16.423611,3.884991
SN00186,snow_goose,12.234867,11.765962
SN00355,snow_goose,5.84112,5.577796
SN00019,snow_goose,16.200521,3.820616
SN00389,snow_goose,12.065812,3.400878
SA00471,sandhill_crane,12.30652,1.957185
SA00040,sandhill_crane,6.405837,10.52895
SA00420,sandhill_crane,12.715182,2.686287
SN00116,snow_goose,11.50832,1.337961
SN00298,snow_goose,5.821538,9.467477
SN00288,snow_goose,11.461261,2.137358
SA00473,sandhill_crane,16.015908,3.553358
SA00106,sandhill_crane,13.416048,11.683696
SN00305,snow_goose,5.878565,10.19692
SA00371,sandhill_crane,6.568669,10.709838
SA00036,sandhill_crane,15.90232,3.01215
SN00367,snow_goose,9.039126,2.591305
SA00315,sandhill_crane,1.970655,5.140282
SN00416,snow_goose,8.999588,2.711417
SN00074,snow_goose,8.982891,3.147524
SA00184,sandhill_crane,2.5197,5.406775
SA00131,sandhill_crane,12.619312,1.742936
SN00312,snow_goose,11.807546,2.808122
SA00058,sandhill_crane,11.95063,2.584746
SN00366,snow_goose,15.966683,3.636182
SA00444,sandhill_crane,6.51668,5.707622
SA00230,sandhill_crane,9.015435,3.294566
SA00320,sandhill_crane,1.94799,5.479037
SA00227,sandhill_crane,12.321257,10.329313
SA00016,sandhill_crane,17.0068,3.942963
SA00065,sandhill_crane,5.981496,5.697445
SA00140,sandhill_crane,11.823912,2.614251
SA00357,sandhill_crane,12.656612,2.336584
SA00366,sandhill_crane,13.493966,12.745175
SA00119,sandhill_crane,14.140815,12.531668
SA00187,sandhill_crane,14.356103,12.950285
SN00148,snow_goose,5.511153,10.52592
SA00293,sandhill_crane,13.922353,12.498808
SN00428,snow_goose,5.969969,10.117405
SA00215,sandhill_crane,6.148817,10.1478
SN00115,snow_goose,5.046921,5.183428
SN00035,snow_goose,8.54733,2.846376
SA00434,sandhill_crane,6.062091,10.197744
SA00499,sandhill_crane,5.266531,5.175549
SA00412,sandhill_crane,5.144806,10.635244
SA00263,sandhill_crane,11.835052,2.140731
SA00316,sandhill_crane,2.106819,5.618911
SN00329,snow_goose,16.403398,3.586523
SN00432,snow_goose,12.986664,11.506147
SN00295,snow_goose,12.331615,10.400684
SN00311,snow_goose,12.993138,13.129954
SA00160,sandhill_crane,12.073128,2.062504
SA00422,sandhill_crane,12.234901,3.125366
SN00008,snow_goose,13.522498,12.84425
SN00326,snow_goose,11.492367,2.827051
SA00410,sandhill_crane,17.023562,3.220598
SA00168,sandhill_crane,13.95247,12.152027
SN00461,snow_goose,16.331471,3.163271
SN00167,snow_goose,6.592558,5.421785
SN00158,snow_goose,5.483608,10.62406
SA00349,sandhill_crane,6.863725,5.04536
SA00465,sandhill_crane,6.089091,5.860815
SN00335,snow_goose,8.165964,2.030626
SA00107,sandhill_crane,17.129388,3.558138
SN00033,snow_goose,2.515669,5.711837
SN00185,snow_goose,14.04904,12.984186
SN00264,snow_goose,15.741246,2.996668
SA00291,sandhill_crane,12.266899,2.659253
SN00362,snow_goose,11.471646,2.294939
SN00393,snow_goose,5.455471,5.358261
SA00102,sandhill_crane,13.962994,13.760876
SN00413,snow_goose,8.832648,2.000171
SN00383,snow_goose,13.15913,13.959024
SA00152,sandhill_crane,6.161412,4.827956
SN00483,snow_goose,13.398656,12.40159
SN00424,snow_goose,4.944628,10.344604
SN00347,snow_goose,3.039468,5.743212
SN00391,snow_goose,2.24377,4.544552
SA00172,sandhill_crane,12.47186,11.294227
SN00206,snow_goose,12.770385,11.245345
SA00337,sandhill_crane,2.694763,4.906738
SN00440,snow_goose,14.363481,12.255083
SA00246,sandhill_crane,12.209016,11.012892
SN00223,snow_goose,2.940441,4.909563
SN00471,snow_goose,5.454714,10.094709
SA00490,sandhill_crane,6.3904,5.36806
SN00179,snow_goose,5.484072,10.225764
SA00222,sandhill_crane,8.560144,2.258265
SA00479,sandhill_crane,12.216306,2.603335
SN00013,snow_goose,16.434386,2.518553
SA00143,sandhill_crane,12.415455,10.568449
SA00262,sandhill_crane,14.169255,13.08357
SN00207,snow_goose,1.135974,5.559485
SN00028,snow_goose,11.682177,10.703609
SA00363,sandhill_crane,1.380625,4.997384
SN00176,snow_goose,10.043248,2.54198
SN00065,snow_goose,5.871345,6.090156
SN00130,snow_goose,11.785394,10.252535
SA00292,sandhill_crane,13.686198,13.107228
SA00463,sandhill_crane,13.146664,10.510175
SA00139,sandhill_crane,16.661491,2.479087
SA00113,sandhill_crane,12.88309,10.203799
SA00068,sandhill_crane,6.726519,5.722838
SA00063,sandhill_crane,15.80138,3.325596
SA00210,sandhill_crane,12.569622,3.556688
SN00044,snow_goose,8.936854,2.356765
SA00084,sandhill_crane,8.478662,1.843404
SA00281,sandhill_crane,8.182134,2.591524
SA00247,sandhill_crane,5.853152,6.06699
SN00273,snow_goose,2.370859,5.715151
SN00083,snow_goose,4.74934,9.31709
SA00149,sandhill_crane,2.272452,5.549117
SA00105,sandhill_crane,13.660188,12.708317
SA00202,sandhill_crane,16.790866,2.528437
SA00066,sandhill_crane,8.898785,2.134852
SA00276,sandhill_crane,2.395182,4.232461
SA00361,sandhill_crane,4.559718,9.404014
SA00195,sandhill_crane,14.344942,12.397235
SN00448,snow_goose,5.172446,10.059748
SA00415,sandhill_crane,1.995798,4.869458
SN00090,snow_goose,15.652739,3.58962
SA00393,sandhill_crane,4.689572,9.310076
SA00454,sandhill_crane,13.77869,12.8741
SN00433,snow_goose,15.623015,3.48562
