wolf_id,pack_id,timestamp,latitude,longitude
W001,Yellowhead,2024-06-01T16:00:00,54.151116,-119.796873
W001,Yellowhead,2024-06-01T20:00:00,54.07726,-119.953972
W001,Yellowhead,2024-06-02T00:00:00,54.005192,-120.032461
W001,Yellowhead,2024-06-02T04:00:00,54.017798,-119.836354
W001,Yellowhead,2024-06-02T08:00:00,53.929879,-119.948002
W001,Yellowhead,2024-06-02T12:00:00,53.905308,-120.080178
W001,Yellowhead,2024-06-02T16:00:00,53.820119,-120.000113
W001,Yellowhead,2024-06-02T20:00:00,53.91365,-119.979835
W001,Yellowhead,2024-06-03T00:00:00,53.982903,-119.795436
W001,Yellowhead,2024-06-03T04:00:00,53.90699,-119.7272
W001,Yellowhead,2024-06-03T08:00:00,53.972886,-119.867972
W001,Yellowhead,2024-06-03T12:00:00,53.893596,-119.741263
W001,Yellowhead,2024-06-03T16:00:00,53.903537,-119.909729
W001,Yellowhead,2024-06-03T20:00:00,53.89252,-119.705332
W001,Yellowhead,2024-06-04T00:00:00,53.953496,-119.895058
W001,Yellowhead,2024-06-04T04:00:00,54.072403,-119.785944
W001,Yellowhead,2024-06-04T08:00:00,54.005872,-119.986405
W001,Yellowhead,2024-06-04T12:00:00,54.105542,-120.135067
W001,Yellowhead,2024-06-04T16:00:00,54.026009,-120.030247
W001,Yellowhead,2024-06-04T20:00:00,54.045093,-120.252819
W001,Yellowhead,2024-06-05T00:00:00,53.935911,-120.170809
W001,Yellowhead,2024-06-05T04:00:00,54.005961,-120.303272
W001,Yellowhead,2024-06-05T08:00:00,53.969873,-120.156209
W001,Yellowhead,2024-06-05T12:00:00,53.900142,-120.003915
W001,Yellowhead,2024-06-05T16:00:00,53.852623,-120.151003
W001,Yellowhead,2024-06-05T20:00:00,53.952312,-120.138549
W001,Yellowhead,2024-06-06T00:00:00,53.824161,-120.185993
W001,Yellowhead,2024-06-06T04:00:00,53.904467,-120.03675
W001,Yellowhead,2024-06-06T08:00:00,53.888445,-119.820903
W001,Yellowhead,2024-06-06T12:00:00,53.916383,-120.040925
W001,Yellowhead,2024-06-06T16:00:00,53.929143,-120.228373
W001,Yellowhead,2024-06-06T20:00:00,53.862242,-120.051512
W001,Yellowhead,2024-06-07T00:00:00,53.965491,-119.949051
W001,Yellowhead,2024-06-07T04:00:00,54.048681,-119.886598
W001,Yellowhead,2024-06-07T08:00:00,54.023043,-120.100269
W001,Yellowhead,2024-06-07T12:00:00,54.04538,-119.941332
W001,Yellowhead,2024-06-07T16:00:00,54.001324,-120.035416
W001,Yellowhead,2024-06-07T20:00:00,54.068833,-119.891363
W001,Yellowhead,2024-06-08T00:00:00,53.945479,-119.943898
W001,Yellowhead,2024-06-08T04:00:00,53.943021,-120.166463
W001,Yellowhead,2024-06-08T08:00:00,53.886968,-120.054243
W001,Yellowhead,2024-06-08T12:00:00,54.005425,-120.05762
W001,Yellowhead,2024-06-08T16:00:00,54.009845,-120.264514
W001,Yellowhead,2024-06-08T20:00:00,53.982471,-120.058429
W001,Yellowhead,2024-06-09T00:00:00,54.036148,-119.914627
W001,Yellowhead,2024-06-09T04:00:00,53.962851,-119.80427
W001,Yellowhead,2024-06-09T08:00:00,53.891899,-119.88722
W001,Yellowhead,2024-06-09T12:00:00,53.802472,-119.93995
W001,Yellowhead,2024-06-09T16:00:00,53.90408,-119.864947
W001,Yellowhead,2024-06-09T20:00:00,53.978133,-119.754758
W001,Yellowhead,2024-06-10T00:00:00,53.919775,-119.953456
W001,Yellowhead,2024-06-10T04:00:00,53.890076,-119.773567
W001,Yellowhead,2024-06-10T08:00:00,53.931969,-119.91215
W001,Yellowhead,2024-06-10T12:00:00,53.912896,-120.094995
W001,Yellowhead,2024-06-10T16:00:00,53.92033,-120.262581
W001,Yellowhead,2024-06-10T20:00:00,53.951156,-120.173547
W001,Yellowhead,2024-06-11T00:00:00,53.875147,-120.303197
W001,Yellowhead,2024-06-11T04:00:00,53.96822,-120.175278
W001,Yellowhead,2024-06-11T08:00:00,54.028158,-120.011207
W001,Yellowhead,2024-06-11T12:00:00,54.14753,-120.072333
W001,Yellowhead,2024-06-11T16:00:00,54.072275,-119.880696
W001,Yellowhead,2024-06-11T20:00:00,54.141817,-119.780284
W001,Yellowhead,2024-06-12T00:00:00,54.045985,-119.788595
W001,Yellowhead,2024-06-12T04:00:00,54.034513,-120.017924
W001,Yellowhead,2024-06-12T08:00:00,54.039994,-119.855385
W001,Yellowhead,2024-06-12T12:00:00,54.028486,-120.027039
W001,Yellowhead,2024-06-12T16:00:00,54.07085,-120.190809
W001,Yellowhead,2024-06-12T20:00:00,54.036081,-119.977119
W001,Yellowhead,2024-06-13T00:00:00,54.155806,-120.047851
W001,Yellowhead,2024-06-13T04:00:00,54.028912,-120.050743
W001,Yellowhead,2024-06-13T08:00:00,53.929259,-120.185086
W001,Yellowhead,2024-06-13T12:00:00,54.007818,-119.998338
W001,Yellowhead,2024-06-13T16:00:00,53.982667,-120.178845
W001,Yellowhead,2024-06-13T20:00:00,53.9178,-120.097626
W001,Yellowhead,2024-06-14T00:00:00,53.99846,-120.197639
W001,Yellowhead,2024-06-14T04:00:00,53.909983,-120.150282
W001,Yellowhead,2024-06-14T08:00:00,54.017234,-120.126077
W001,Yellowhead,2024-06-14T12:00:00,53.90909,-120.190938
W001,Yellowhead,2024-06-14T16:00:00,53.95779,-120.030595
W001,Yellowhead,2024-06-14T20:00:00,54.05485,-119.956237
W001,Yellowhead,2024-06-15T00:00:00,54.154919,-119.922146
W001,Yellowhead,2024-06-15T04:00:00,54.101463,-120.061649
W001,Yellowhead,2024-06-15T08:00:00,54.000208,-120.105102
W001,Yellowhead,2024-06-15T12:00:00,53.978786,-120.320741
W001,Yellowhead,2024-06-15T16:00:00,54.03979,-120.13413
W001,Yellowhead,2024-06-15T20:00:00,53.948849,-120.031787
W001,Yellowhead,2024-06-16T00:00:00,54.055418,-119.90984
W001,Yellowhead,2024-06-16T04:00:00,53.971475,-119.820471
W001,Yellowhead,2024-06-16T08:00:00,54.03308,-119.941037
W001,Yellowhead,2024-06-16T12:00:00,53.952445,-120.12077
W001,Yellowhead,2024-06-16T16:00:00,54.060937,-120.046952
W001,Yellowhead,2024-06-16T20:00:00,54.141136,-119.934964
W001,Yellowhead,2024-06-17T00:00:00,54.080785,-120.013972
W001,Yellowhead,2024-06-17T04:00:00,54.162873,-119.844435
W001,Yellowhead,2024-06-17T08:00:00,54.128622,-120.03419
W001,Yellowhead,2024-06-17T12:00:00,54.024427,-119.95896
W001,Yellowhead,2024-06-17T16:00:00,54.123044,-119.84033
W001,Yellowhead,2024-06-17T20:00:00,54.059309,-119.907685
W001,Yellowhead,2024-06-18T00:00:00,54.148674,-119.893526
W001,Yellowhead,2024-06-18T04:00:00,54.086382,-120.094615
W001,Yellowhead,2024-06-18T08:00:00,53.977452,-120.072764
W001,Yellowhead,2024-06-18T12:00:00,54.060862,-120.234351
W001,Yellowhead,2024-06-18T16:00:00,54.051335,-120.035758
W001,Yellowhead,2024-06-18T20:00:00,54.164173,-120.131395
W001,Yellowhead,2024-06-19T00:00:00,54.073853,-120.029163
W001,Yellowhead,2024-06-19T04:00:00,54.042997,-120.179951
W001,Yellowhead,2024-06-19T08:00:00,53.988172,-120.330976
W001,Yellowhead,2024-06-19T12:00:00,54.015171,-120.208636
W001,Yellowhead,2024-06-19T16:00:00,54.037157,-120.026789
W001,Yellowhead,2024-06-19T20:00:00,54.162501,-119.940794
W001,Yellowhead,2024-06-20T00:00:00,54.048687,-119.998167
W001,Yellowhead,2024-06-20T04:00:00,53.936459,-119.970089
W001,Yellowhead,2024-06-20T08:00:00,54.055903,-119.894322
W001,Yellowhead,2024-06-20T12:00:00,53.958671,-119.902476
W001,Yellowhead,2024-06-20T16:00:00,54.060746,-119.823538
W001,Yellowhead,2024-06-20T20:00:00,54.127077,-119.957012
W001,Yellowhead,2024-06-21T00:00:00,54.061164,-120.009662
W001,Yellowhead,2024-06-21T04:00:00,53.944605,-120.117089
W001,Yellowhead,2024-06-21T08:00:00,53.88121,-120.28078
W001,Yellowhead,2024-06-21T12:00:00,53.960099,-120.150854
W001,Yellowhead,2024-06-21T16:00:00,53.953215,-119.978144
W001,Yellowhead,2024-06-21T20:00:00,53.943367,-119.808099
W001,Yellowhead,2024-06-22T00:00:00,54.007613,-119.690569
W001,Yellowhead,2024-06-22T04:00:00,53.964808,-119.836691
W001,Yellowhead,2024-06-22T08:00:00,54.099712,-119.823253
W001,Yellowhead,2024-06-22T12:00:00,54.025081,-119.908727
W001,Yellowhead,2024-06-22T16:00:00,54.09961,-119.816571
W001,Yellowhead,2024-06-22T20:00:00,54.04771,-119.936303
W001,Yellowhead,2024-06-23T00:00:00,54.156082,-119.85115
W001,Yellowhead,2024-06-23T04:00:00,54.070145,-119.995285
W001,Yellowhead,2024-06-23T08:00:00,53.956439,-119.915996
W001,Yellowhead,2024-06-23T12:00:00,54.049332,-119.932068
W001,Yellowhead,2024-06-23T16:00:00,54.085851,-120.097943
W001,Yellowhead,2024-06-23T20:00:00,54.008821,-120.144852
W001,Yellowhead,2024-06-24T00:00:00,54.102742,-120.217916
W001,Yellowhead,2024-06-24T04:00:00,53.984717,-120.105666
W001,Yellowhead,2024-06-24T08:00:00,53.979732,-120.28348
W001,Yellowhead,2024-06-24T12:00:00,53.958693,-120.056489
W001,Yellowhead,2024-06-24T16:00:00,53.988138,-119.858322
W001,Yellowhead,2024-06-24T20:00:00,54.044149,-119.98452
W001,Yellowhead,2024-06-25T00:00:00,53.913184,-119.992103
W001,Yellowhead,2024-06-25T04:00:00,54.015568,-119.934658
W001,Yellowhead,2024-06-25T08:00:00,53.925747,-120.106492
W001,Yellowhead,2024-06-25T12:00:00,53.870265,-119.943819
W001,Yellowhead,2024-06-25T16:00:00,53.958795,-119.853358
W001,Yellowhead,2024-06-25T20:00:00,54.030067,-119.65822
W001,Yellowhead,2024-06-26T00:00:00,54.045652,-119.794917
W001,Yellowhead,2024-06-26T04:00:00,54.139719,-119.852539
W001,Yellowhead,2024-06-26T08:00:00,54.060183,-119.969112
W001,Yellowhead,2024-06-26T12:00:00,54.156234,-119.931421
W001,Yellowhead,2024-06-26T16:00:00,54.097123,-120.053031
W001,Yellowhead,2024-06-26T20:00:00,54.02895,-119.920582
W001,Yellowhead,2024-06-27T00:00:00,54.129697,-119.997265
W001,Yellowhead,2024-06-27T04:00:00,54.058766,-119.846767
W001,Yellowhead,2024-06-27T08:00:00,54.01438,-120.01304
W001,Yellowhead,2024-06-27T12:00:00,53.92164,-120.075397
W001,Yellowhead,2024-06-27T16:00:00,53.987645,-120.187887
W001,Yellowhead,2024-06-27T20:00:00,54.108345,-120.291247
W001,Yellowhead,2024-06-28T00:00:00,54.069976,-120.127829
W001,Yellowhead,2024-06-28T04:00:00,54.106608,-120.320422
W001,Yellowhead,2024-06-28T08:00:00,54.024507,-120.179854
W001,Yellowhead,2024-06-28T12:00:00,54.049909,-120.389411
W001,Yellowhead,2024-06-28T16:00:00,54.115328,-120.188
W001,Yellowhead,2024-06-28T20:00:00,54.055138,-120.006491
W001,Yellowhead,2024-06-29T00:00:00,54.106207,-119.870918
W001,Yellowhead,2024-06-29T04:00:00,54.01212,-119.941461
W001,Yellowhead,2024-06-29T08:00:00,54.051949,-119.734743
W001,Yellowhead,2024-06-29T12:00:00,54.075601,-119.922975
W001,Yellowhead,2024-06-29T16:00:00,54.118447,-120.076815
W001,Yellowhead,2024-06-29T20:00:00,54.055805,-120.245304
W001,Yellowhead,2024-06-30T00:00:00,54.065764,-120.077757
W001,Yellowhead,2024-06-30T04:00:00,54.17161,-119.993686
W001,Yellowhead,2024-06-30T08:00:00,54.070812,-119.916106
W001,Yellowhead,2024-06-30T12:00:00,54.115761,-120.030888
W001,Yellowhead,2024-06-30T16:00:00,54.06378,-119.872301
W001,Yellowhead,2024-06-30T20:00:00,54.054265,-119.642614
W001,Yellowhead,2024-07-01T00:00:00,53.941382,-119.675
W001,Yellowhead,2024-07-01T04:00:00,54.002831,-119.769945
W001,Yellowhead,2024-07-01T08:00:00,53.947306,-119.939127
W001,Yellowhead,2024-07-01T12:00:00,53.823666,-119.850392
W002,Yellowhead,2024-06-01T14:00:00,53.974979,-119.811209
W002,Yellowhead,2024-06-01T18:00:00,53.862707,-119.835228
W002,Yellowhead,2024-06-01T22:00:00,53.860385,-120.034696
W002,Yellowhead,2024-06-02T02:00:00,53.995309,-120.047523
W002,Yellowhead,2024-06-02T06:00:00,54.103821,-120.108947
W002,Yellowhead,2024-06-02T10:00:00,54.214705,-120.211726
W002,Yellowhead,2024-06-02T14:00:00,54.190364,-120.065167
W002,Yellowhead,2024-06-02T18:00:00,54.067372,-120.160856
W002,Yellowhead,2024-06-02T22:00:00,54.029871,-120.037708
W002,Yellowhead,2024-06-03T02:00:00,53.995055,-120.209807
W002,Yellowhead,2024-06-03T06:00:00,53.945626,-120.35184
W002,Yellowhead,2024-06-03T10:00:00,54.017051,-120.223013
W002,Yellowhead,2024-06-03T14:00:00,53.969982,-120.019126
W002,Yellowhead,2024-06-03T18:00:00,53.862905,-119.897202
W002,Yellowhead,2024-06-03T22:00:00,53.92436,-120.063651
W002,Yellowhead,2024-06-04T02:00:00,53.833497,-120.185944
W002,Yellowhead,2024-06-04T06:00:00,53.944743,-120.05594
W002,Yellowhead,2024-06-04T10:00:00,53.888166,-120.246452
W002,Yellowhead,2024-06-04T14:00:00,53.923901,-120.132314
W002,Yellowhead,2024-06-04T18:00:00,53.85067,-120.325182
W002,Yellowhead,2024-06-04T22:00:00,53.906401,-120.182867
W002,Yellowhead,2024-06-05T02:00:00,53.985975,-119.999607
W002,Yellowhead,2024-06-05T06:00:00,54.084014,-120.051477
W002,Yellowhead,2024-06-05T10:00:00,54.122145,-120.226613
W002,Yellowhead,2024-06-05T14:00:00,54.05372,-120.051035
W002,Yellowhead,2024-06-05T18:00:00,54.165685,-120.070352
W002,Yellowhead,2024-06-05T22:00:00,54.11666,-119.952756
W002,Yellowhead,2024-06-06T02:00:00,54.052635,-120.008993
W002,Yellowhead,2024-06-06T06:00:00,54.029224,-120.206862
W002,Yellowhead,2024-06-06T10:00:00,54.085949,-120.078116
W002,Yellowhead,2024-06-06T14:00:00,54.040023,-120.267549
W002,Yellowhead,2024-06-06T18:00:00,54.101363,-120.062495
W002,Yellowhead,2024-06-06T22:00:00,54.126969,-119.84229
W002,Yellowhead,2024-06-07T02:00:00,54.091249,-119.978584
W002,Yellowhead,2024-06-07T06:00:00,54.011375,-119.947737
W002,Yellowhead,2024-06-07T10:00:00,54.062319,-119.864922
W002,Yellowhead,2024-06-07T14:00:00,54.12515,-119.746015
W002,Yellowhead,2024-06-07T18:00:00,54.097764,-119.885987
W002,Yellowhead,2024-06-07T22:00:00,54.100846,-120.04523
W002,Yellowhead,2024-06-08T02:00:00,54.005028,-119.983569
W002,Yellowhead,2024-06-08T06:00:00,53.894645,-119.890444
W002,Yellowhead,2024-06-08T10:00:00,53.955678,-119.959083
W002,Yellowhead,2024-06-08T14:00:00,54.018921,-120.086546
W002,Yellowhead,2024-06-08T18:00:00,53.912725,-120.027904
W002,Yellowhead,2024-06-08T22:00:00,53.894199,-119.846415
W002,Yellowhead,2024-06-09T02:00:00,53.941787,-119.941746
W002,Yellowhead,2024-06-09T06:00:00,53.947707,-119.793131
W002,Yellowhead,2024-06-09T10:00:00,53.98962,-119.912147
W002,Yellowhead,2024-06-09T14:00:00,54.075455,-120.02832
W002,Yellowhead,2024-06-09T18:00:00,54.18419,-119.925558
W002,Yellowhead,2024-06-09T22:00:00,54.10025,-120.068354
W002,Yellowhead,2024-06-10T02:00:00,54.001074,-119.968138
W002,Yellowhead,2024-06-10T06:00:00,53.943485,-119.792229
W002,Yellowhead,2024-06-10T10:00:00,53.973925,-119.957264
W002,Yellowhead,2024-06-10T14:00:00,53.988441,-120.15468
W002,Yellowhead,2024-06-10T18:00:00,54.075757,-120.20703
W002,Yellowhead,2024-06-10T22:00:00,54.013715,-120.002414
W002,Yellowhead,2024-06-11T02:00:00,54.097832,-120.05626
W002,Yellowhead,2024-06-11T06:00:00,54.068147,-119.895711
W002,Yellowhead,2024-06-11T10:00:00,54.108591,-120.01104
W002,Yellowhead,2024-06-11T14:00:00,53.980064,-120.064724
W002,Yellowhead,2024-06-11T18:00:00,54.064148,-120.171643
W002,Yellowhead,2024-06-11T22:00:00,53.988417,-120.162082
W002,Yellowhead,2024-06-12T02:00:00,53.907901,-120.047125
W002,Yellowhead,2024-06-12T06:00:00,53.845117,-120.237781
W002,Yellowhead,2024-06-12T10:00:00,53.958835,-120.193179
W002,Yellowhead,2024-06-12T14:00:00,54.087774,-120.219854
W002,Yellowhead,2024-06-12T18:00:00,54.134595,-120.122103
W002,Yellowhead,2024-06-12T22:00:00,54.113204,-119.955801
W002,Yellowhead,2024-06-13T02:00:00,54.194085,-119.875428
W002,Yellowhead,2024-06-13T06:00:00,54.153674,-119.984446
W002,Yellowhead,2024-06-13T10:00:00,54.051281,-120.069739
W002,Yellowhead,2024-06-13T14:00:00,53.999638,-119.926186
W002,Yellowhead,2024-06-13T18:00:00,54.09104,-120.072875
W002,Yellowhead,2024-06-13T22:00:00,54.002687,-119.991976
W002,Yellowhead,2024-06-14T02:00:00,54.071411,-120.189944
W002,Yellowhead,2024-06-14T06:00:00,54.032745,-120.073187
W002,Yellowhead,2024-06-14T10:00:00,54.054537,-119.846112
W002,Yellowhead,2024-06-14T14:00:00,54.165716,-119.758989
W002,Yellowhead,2024-06-14T18:00:00,54.098148,-119.913887
W002,Yellowhead,2024-06-14T22:00:00,54.162717,-120.089266
W002,Yellowhead,2024-06-15T02:00:00,54.083118,-119.957772
W002,Yellowhead,2024-06-15T06:00:00,53.985558,-119.929887
W002,Yellowhead,2024-06-15T10:00:00,53.853671,-119.8798
W002,Yellowhead,2024-06-15T14:00:00,53.956461,-120.028526
W002,Yellowhead,2024-06-15T18:00:00,53.857822,-120.160073
W002,Yellowhead,2024-06-15T22:00:00,53.964185,-120.018738
W002,Yellowhead,2024-06-16T02:00:00,53.923032,-119.845371
W002,Yellowhead,2024-06-16T06:00:00,53.83721,-119.92393
W002,Yellowhead,2024-06-16T10:00:00,53.934478,-120.068527
W002,Yellowhead,2024-06-16T14:00:00,54.049019,-120.143488
W002,Yellowhead,2024-06-16T18:00:00,54.080458,-119.984379
W002,Yellowhead,2024-06-16T22:00:00,54.084037,-119.848687
W002,Yellowhead,2024-06-17T02:00:00,54.05487,-119.993004
W002,Yellowhead,2024-06-17T06:00:00,54.088849,-120.152127
W002,Yellowhead,2024-06-17T10:00:00,54.127238,-120.37109
W002,Yellowhead,2024-06-17T14:00:00,54.099474,-120.201237
W002,Yellowhead,2024-06-17T18:00:00,54.074514,-120.06777
W002,Yellowhead,2024-06-17T22:00:00,54.205823,-120.049942
W002,Yellowhead,2024-06-18T02:00:00,54.118465,-119.911699
W002,Yellowhead,2024-06-18T06:00:00,54.010448,-119.829909
W002,Yellowhead,2024-06-18T10:00:00,53.929607,-119.794347
W002,Yellowhead,2024-06-18T14:00:00,53.995337,-119.994884
W002,Yellowhead,2024-06-18T18:00:00,53.879126,-120.022065
W002,Yellowhead,2024-06-18T22:00:00,53.960966,-120.098823
W002,Yellowhead,2024-06-19T02:00:00,53.974521,-120.246441
W002,Yellowhead,2024-06-19T06:00:00,53.96689,-120.119166
W002,Yellowhead,2024-06-19T10:00:00,53.969573,-119.958037
W002,Yellowhead,2024-06-19T14:00:00,54.06069,-120.025507
W002,Yellowhead,2024-06-19T18:00:00,54.061003,-120.203624
W002,Yellowhead,2024-06-19T22:00:00,54.108444,-120.001971
W002,Yellowhead,2024-06-20T02:00:00,54.058473,-119.860686
W002,Yellowhead,2024-06-20T06:00:00,53.966612,-119.848418
W002,Yellowhead,2024-06-20T10:00:00,53.900096,-119.702314
W002,Yellowhead,2024-06-20T14:00:00,53.971537,-119.83829
W002,Yellowhead,2024-06-20T18:00:00,53.898688,-119.883576
W002,Yellowhead,2024-06-20T22:00:00,53.812137,-119.898978
W002,Yellowhead,2024-06-21T02:00:00,53.923875,-119.926989
W002,Yellowhead,2024-06-21T06:00:00,53.929284,-119.776087
W002,Yellowhead,2024-06-21T10:00:00,53.874136,-119.958683
W002,Yellowhead,2024-06-21T14:00:00,53.767679,-119.897713
W002,Yellowhead,2024-06-21T18:00:00,53.882431,-119.972927
W002,Yellowhead,2024-06-21T22:00:00,53.832505,-120.114035
W002,Yellowhead,2024-06-22T02:00:00,53.946627,-120.081643
W002,Yellowhead,2024-06-22T06:00:00,53.877241,-119.905218
W002,Yellowhead,2024-06-22T10:00:00,53.97976,-120.043242
W002,Yellowhead,2024-06-22T14:00:00,53.946225,-119.889773
W002,Yellowhead,2024-06-22T18:00:00,53.961351,-119.680649
W002,Yellowhead,2024-06-22T22:00:00,53.929442,-119.851201
W002,Yellowhead,2024-06-23T02:00:00,53.890474,-120.018866
W002,Yellowhead,2024-06-23T06:00:00,53.913428,-119.91764
W002,Yellowhead,2024-06-23T10:00:00,53.822876,-120.014646
W002,Yellowhead,2024-06-23T14:00:00,53.915786,-119.994757
W002,Yellowhead,2024-06-23T18:00:00,53.999031,-120.012152
W002,Yellowhead,2024-06-23T22:00:00,53.924852,-119.861312
W002,Yellowhead,2024-06-24T02:00:00,53.894213,-119.70861
W002,Yellowhead,2024-06-24T06:00:00,53.904457,-119.887076
W002,Yellowhead,2024-06-24T10:00:00,53.874654,-119.700483
W002,Yellowhead,2024-06-24T14:00:00,53.97074,-119.790649
W002,Yellowhead,2024-06-24T18:00:00,53.972482,-119.959394
W002,Yellowhead,2024-06-24T22:00:00,53.948852,-119.776095
W002,Yellowhead,2024-06-25T02:00:00,53.924061,-119.957866
W002,Yellowhead,2024-06-25T06:00:00,54.03178,-119.998156
W002,Yellowhead,2024-06-25T10:00:00,54.112861,-119.877849
W002,Yellowhead,2024-06-25T14:00:00,54.084358,-120.103194
W002,Yellowhead,2024-06-25T18:00:00,53.981258,-120.195578
W002,Yellowhead,2024-06-25T22:00:00,54.020269,-120.359685
W002,Yellowhead,2024-06-26T02:00:00,53.99525,-120.197374
W002,Yellowhead,2024-06-26T06:00:00,53.996452,-120.017547
W002,Yellowhead,2024-06-26T10:00:00,53.921843,-120.105122
W002,Yellowhead,2024-06-26T14:00:00,53.847211,-120.221784
W002,Yellowhead,2024-06-26T18:00:00,53.945374,-120.134159
W002,Yellowhead,2024-06-26T22:00:00,53.842773,-120.242537
W002,Yellowhead,2024-06-27T02:00:00,53.934332,-120.174901
W002,Yellowhead,2024-06-27T06:00:00,54.044179,-120.100712
W002,Yellowhead,2024-06-27T10:00:00,54.05346,-120.297791
W002,Yellowhead,2024-06-27T14:00:00,54.063911,-120.117989
W002,Yellowhead,2024-06-27T18:00:00,54.149509,-120.036383
W002,Yellowhead,2024-06-27T22:00:00,54.048327,-120.108131
W002,Yellowhead,2024-06-28T02:00:00,54.004329,-120.295247
W002,Yellowhead,2024-06-28T06:00:00,54.018112,-120.086462
W002,Yellowhead,2024-06-28T10:00:00,53.992268,-119.906264
W002,Yellowhead,2024-06-28T14:00:00,54.083172,-119.832098
W002,Yellowhead,2024-06-28T18:00:00,54.097221,-119.60298
W002,Yellowhead,2024-06-28T22:00:00,54.160144,-119.746738
W002,Yellowhead,2024-06-29T02:00:00,54.090352,-119.815676
W002,Yellowhead,2024-06-29T06:00:00,54.065916,-120.000242
W002,Yellowhead,2024-06-29T10:00:00,54.055156,-119.814178
W002,Yellowhead,2024-06-29T14:00:00,54.129222,-119.657218
W002,Yellowhead,2024-06-29T18:00:00,54.124374,-119.887692
W002,Yellowhead,2024-06-29T22:00:00,54.045817,-119.916289
W002,Yellowhead,2024-06-30T02:00:00,53.923071,-119.874634
W002,Yellowhead,2024-06-30T06:00:00,53.890102,-119.716291
W002,Yellowhead,2024-06-30T10:00:00,53.944409,-119.851347
W002,Yellowhead,2024-06-30T14:00:00,53.871458,-119.939085
W002,Yellowhead,2024-06-30T18:00:00,53.973034,-119.907197
W002,Yellowhead,2024-06-30T22:00:00,53.902016,-119.999302
W002,Yellowhead,2024-07-01T02:00:00,53.846641,-120.181772
W002,Yellowhead,2024-07-01T06:00:00,53.876593,-120.00199
W002,Yellowhead,2024-07-01T10:00:00,53.965524,-119.982215
W005,Smoky,2024-06-01T06:00:00,54.049269,-119.641147
W005,Smoky,2024-06-01T10:00:00,54.054616,-119.838966
W005,Smoky,2024-06-01T14:00:00,54.024603,-119.617503
W005,Smoky,2024-06-01T18:00:00,54.098364,-119.765554
W005,Smoky,2024-06-01T22:00:00,54.040408,-119.91243
W005,Smoky,2024-06-02T02:00:00,54.028643,-119.737464
W005,Smoky,2024-06-02T06:00:00,54.116373,-119.780542
W005,Smoky,2024-06-02T10:00:00,54.081246,-119.684831
W005,Smoky,2024-06-02T14:00:00,54.129493,-119.488662
W005,Smoky,2024-06-02T18:00:00,54.091544,-119.650185
W005,Smoky,2024-06-02T22:00:00,54.189021,-119.555231
W005,Smoky,2024-06-03T02:00:00,54.133313,-119.685771
W005,Smoky,2024-06-03T06:00:00,54.250101,-119.691912
W005,Smoky,2024-06-03T10:00:00,54.208792,-119.874632
W005,Smoky,2024-06-03T14:00:00,54.174582,-119.67627
W005,Smoky,2024-06-03T18:00:00,54.063555,-119.60921
W005,Smoky,2024-06-03T22:00:00,54.077256,-119.788159
W005,Smoky,2024-06-04T02:00:00,54.064235,-119.939426
W005,Smoky,2024-06-04T06:00:00,54.060168,-119.743802
W005,Smoky,2024-06-04T10:00:00,53.97301,-119.679476
W005,Smoky,2024-06-04T14:00:00,53.998309,-119.822225
W005,Smoky,2024-06-04T18:00:00,54.120601,-119.732182
W005,Smoky,2024-06-04T22:00:00,54.120544,-119.885979
W005,Smoky,2024-06-05T02:00:00,54.184917,-119.712936
W005,Smoky,2024-06-05T06:00:00,54.125915,-119.920694
W005,Smoky,2024-06-05T10:00:00,54.019562,-119.846417
W005,Smoky,2024-06-05T14:00:00,54.116224,-119.73306
W005,Smoky,2024-06-05T18:00:00,54.208993,-119.785071
W005,Smoky,2024-06-05T22:00:00,54.301637,-119.752384
W005,Smoky,2024-06-06T02:00:00,54.214591,-119.892295
W005,Smoky,2024-06-06T06:00:00,54.298418,-119.8171
W005,Smoky,2024-06-06T10:00:00,54.178487,-119.857769
W005,Smoky,2024-06-06T14:00:00,54.130773,-119.667361
W005,Smoky,2024-06-06T18:00:00,54.229347,-119.639725
W005,Smoky,2024-06-06T22:00:00,54.199391,-119.865155
W005,Smoky,2024-06-07T02:00:00,54.309081,-119.978381
W005,Smoky,2024-06-07T06:00:00,54.182406,-119.920553
W005,Smoky,2024-06-07T10:00:00,54.102647,-120.036038
W005,Smoky,2024-06-07T14:00:00,54.173168,-119.924686
W005,Smoky,2024-06-07T18:00:00,54.187548,-119.848787
W005,Smoky,2024-06-07T22:00:00,54.240212,-119.678393
W005,Smoky,2024-06-08T02:00:00,54.142962,-119.778304
W005,Smoky,2024-06-08T06:00:00,54.160718,-119.854147
W005,Smoky,2024-06-08T10:00:00,54.094014,-120.054869
W005,Smoky,2024-06-08T14:00:00,54.129701,-119.900337
W005,Smoky,2024-06-08T18:00:00,54.108107,-119.758146
W005,Smoky,2024-06-08T22:00:00,54.081753,-119.931252
W005,Smoky,2024-06-09T02:00:00,54.0454,-120.122872
W005,Smoky,2024-06-09T06:00:00,54.032965,-119.926541
W005,Smoky,2024-06-09T10:00:00,53.959214,-119.77292
W005,Smoky,2024-06-09T14:00:00,54.05735,-119.863125
W005,Smoky,2024-06-09T18:00:00,53.97551,-119.931188
W005,Smoky,2024-06-09T22:00:00,54.054862,-120.057624
W005,Smoky,2024-06-10T02:00:00,54.013301,-119.868451
W005,Smoky,2024-06-10T06:00:00,54.094552,-119.684685
W005,Smoky,2024-06-10T10:00:00,54.070749,-119.877227
W005,Smoky,2024-06-10T14:00:00,53.995149,-119.794819
W005,Smoky,2024-06-10T18:00:00,54.101901,-119.843919
W005,Smoky,2024-06-10T22:00:00,54.059434,-119.682234
W005,Smoky,2024-06-11T02:00:00,54.158797,-119.81461
W005,Smoky,2024-06-11T06:00:00,54.205841,-119.962834
W005,Smoky,2024-06-11T10:00:00,54.237589,-119.787984
W005,Smoky,2024-06-11T14:00:00,54.248795,-119.95889
W005,Smoky,2024-06-11T18:00:00,54.1465,-119.842659
W005,Smoky,2024-06-11T22:00:00,54.016245,-119.868062
W005,Smoky,2024-06-12T02:00:00,54.093642,-119.816733
W005,Smoky,2024-06-12T06:00:00,54.202048,-119.897086
W005,Smoky,2024-06-12T10:00:00,54.088034,-119.92034
W005,Smoky,2024-06-12T14:00:00,54.059344,-119.695199
W005,Smoky,2024-06-12T18:00:00,54.150008,-119.825431
W005,Smoky,2024-06-12T22:00:00,54.063752,-119.972751
W005,Smoky,2024-06-13T02:00:00,54.125115,-119.829257
W005,Smoky,2024-06-13T06:00:00,54.060048,-119.965182
W005,Smoky,2024-06-13T10:00:00,54.126782,-119.866933
W005,Smoky,2024-06-13T14:00:00,54.224817,-119.985296
W005,Smoky,2024-06-13T18:00:00,54.251975,-119.76731
W005,Smoky,2024-06-13T22:00:00,54.382609,-119.708107
W005,Smoky,2024-06-14T02:00:00,54.272382,-119.750595
W005,Smoky,2024-06-14T06:00:00,54.138078,-119.776217
W005,Smoky,2024-06-14T10:00:00,54.04191,-119.856172
W005,Smoky,2024-06-14T14:00:00,54.153417,-119.778586
W005,Smoky,2024-06-14T18:00:00,54.233964,-119.89384
W005,Smoky,2024-06-14T22:00:00,54.207171,-119.758826
W005,Smoky,2024-06-15T02:00:00,54.210415,-119.586541
W005,Smoky,2024-06-15T06:00:00,54.132016,-119.729455
W005,Smoky,2024-06-15T10:00:00,54.176648,-119.612562
W005,Smoky,2024-06-15T14:00:00,54.108921,-119.773527
W005,Smoky,2024-06-15T18:00:00,54.045417,-119.603293
W005,Smoky,2024-06-15T22:00:00,54.169834,-119.669239
W005,Smoky,2024-06-16T02:00:00,54.121614,-119.548636
W005,Smoky,2024-06-16T06:00:00,54.048967,-119.743062
W005,Smoky,2024-06-16T10:00:00,53.923309,-119.763267
W005,Smoky,2024-06-16T14:00:00,54.041661,-119.749272
W005,Smoky,2024-06-16T18:00:00,54.163704,-119.76126
W005,Smoky,2024-06-16T22:00:00,54.268972,-119.825501
W005,Smoky,2024-06-17T02:00:00,54.157332,-119.85067
W005,Smoky,2024-06-17T06:00:00,54.248739,-119.887954
W005,Smoky,2024-06-17T10:00:00,54.206839,-119.668125
W005,Smoky,2024-06-17T14:00:00,54.256462,-119.454481
W005,Smoky,2024-06-17T18:00:00,54.310658,-119.591092
W005,Smoky,2024-06-17T22:00:00,54.176073,-119.570208
W005,Smoky,2024-06-18T02:00:00,54.138539,-119.75733
W005,Smoky,2024-06-18T06:00:00,54.053752,-119.642484
W005,Smoky,2024-06-18T10:00:00,54.111149,-119.771901
W005,Smoky,2024-06-18T14:00:00,54.090952,-119.599296
W005,Smoky,2024-06-18T18:00:00,54.040414,-119.756732
W005,Smoky,2024-06-18T22:00:00,54.114745,-119.837499
W005,Smoky,2024-06-19T02:00:00,54.209663,-119.829172
W005,Smoky,2024-06-19T06:00:00,54.199161,-119.632238
W005,Smoky,2024-06-19T10:00:00,54.132566,-119.790726
W005,Smoky,2024-06-19T14:00:00,54.249461,-119.732433
W005,Smoky,2024-06-19T18:00:00,54.164973,-119.563171
W005,Smoky,2024-06-19T22:00:00,54.144103,-119.757069
W005,Smoky,2024-06-20T02:00:00,54.024761,-119.69137
W005,Smoky,2024-06-20T06:00:00,54.065723,-119.800525
W005,Smoky,2024-06-20T10:00:00,54.128162,-119.689115
W005,Smoky,2024-06-20T14:00:00,54.202712,-119.600674
W005,Smoky,2024-06-20T18:00:00,54.253347,-119.685901
W005,Smoky,2024-06-20T22:00:00,54.180933,-119.783151
W005,Smoky,2024-06-21T02:00:00,54.080638,-119.660905
W005,Smoky,2024-06-21T06:00:00,54.203962,-119.60657
W005,Smoky,2024-06-21T10:00:00,54.193074,-119.836859
W005,Smoky,2024-06-21T14:00:00,54.261502,-119.67811
W005,Smoky,2024-06-21T18:00:00,54.217542,-119.807717
W005,Smoky,2024-06-21T22:00:00,54.310165,-119.880602
W005,Smoky,2024-06-22T02:00:00,54.209579,-119.878487
W005,Smoky,2024-06-22T06:00:00,54.141113,-119.956685
W005,Smoky,2024-06-22T10:00:00,54.056252,-119.963348
W005,Smoky,2024-06-22T14:00:00,54.102328,-119.837141
W005,Smoky,2024-06-22T18:00:00,54.191076,-119.821261
W005,Smoky,2024-06-22T22:00:00,54.142106,-119.671787
W005,Smoky,2024-06-23T02:00:00,54.09866,-119.476167
W005,Smoky,2024-06-23T06:00:00,54.197842,-119.591347
W005,Smoky,2024-06-23T10:00:00,54.142906,-119.705346
W005,Smoky,2024-06-23T14:00:00,54.134091,-119.551616
W005,Smoky,2024-06-23T18:00:00,54.063889,-119.621146
W005,Smoky,2024-06-23T22:00:00,54.090487,-119.779564
W005,Smoky,2024-06-24T02:00:00,53.964301,-119.812578
W005,Smoky,2024-06-24T06:00:00,54.078506,-119.829666
W005,Smoky,2024-06-24T10:00:00,54.021937,-119.739336
W005,Smoky,2024-06-24T14:00:00,54.103132,-119.875422
W005,Smoky,2024-06-24T18:00:00,54.133301,-119.743569
W005,Smoky,2024-06-24T22:00:00,54.044012,-119.684379
W005,Smoky,2024-06-25T02:00:00,54.121029,-119.76971
W005,Smoky,2024-06-25T06:00:00,54.033728,-119.895288
W005,Smoky,2024-06-25T10:00:00,54.157591,-119.95348
W005,Smoky,2024-06-25T14:00:00,54.141414,-120.146746
W005,Smoky,2024-06-25T18:00:00,54.199605,-120.003466
W005,Smoky,2024-06-25T22:00:00,54.219636,-119.927248
W005,Smoky,2024-06-26T02:00:00,54.307042,-119.968968
W005,Smoky,2024-06-26T06:00:00,54.290377,-119.781772
W005,Smoky,2024-06-26T10:00:00,54.195906,-119.673423
W005,Smoky,2024-06-26T14:00:00,54.263518,-119.800189
W005,Smoky,2024-06-26T18:00:00,54.199099,-119.682036
W005,Smoky,2024-06-26T22:00:00,54.301544,-119.730138
W005,Smoky,2024-06-27T02:00:00,54.180846,-119.806971
W005,Smoky,2024-06-27T06:00:00,54.295653,-119.882531
W005,Smoky,2024-06-27T10:00:00,54.18497,-119.749685
W005,Smoky,2024-06-27T14:00:00,54.084814,-119.73784
W005,Smoky,2024-06-27T18:00:00,54.003848,-119.72023
W005,Smoky,2024-06-27T22:00:00,54.044976,-119.814586
W005,Smoky,2024-06-28T02:00:00,53.950539,-119.894608
W005,Smoky,2024-06-28T06:00:00,54.028672,-119.981872
W005,Smoky,2024-06-28T10:00:00,54.108311,-119.88512
W005,Smoky,2024-06-28T14:00:00,54.125396,-120.084807
W005,Smoky,2024-06-28T18:00:00,54.122004,-119.894956
W005,Smoky,2024-06-28T22:00:00,54.224261,-119.985231
W005,Smoky,2024-06-29T02:00:00,54.232811,-119.804365
W005,Smoky,2024-06-29T06:00:00,54.251497,-119.665503
W005,Smoky,2024-06-29T10:00:00,54.155018,-119.772152
W005,Smoky,2024-06-29T14:00:00,54.228385,-119.669527
W005,Smoky,2024-06-29T18:00:00,54.173668,-119.818121
W005,Smoky,2024-06-29T22:00:00,54.26369,-119.76733
W005,Smoky,2024-06-30T02:00:00,54.145287,-119.783412
W005,Smoky,2024-06-30T06:00:00,54.0926,-119.620505
W005,Smoky,2024-06-30T10:00:00,54.043554,-119.800385
W005,Smoky,2024-06-30T14:00:00,54.116835,-119.65432
W005,Smoky,2024-06-30T18:00:00,54.190714,-119.461272
W005,Smoky,2024-06-30T22:00:00,54.127391,-119.587102
W005,Smoky,2024-07-01T02:00:00,54.082851,-119.695669
W006,Smoky,2024-06-01T18:00:00,54.111408,-119.963645
W006,Smoky,2024-06-01T22:00:00,54.008981,-120.051478
W006,Smoky,2024-06-02T02:00:00,54.108841,-120.003001
W006,Smoky,2024-06-02T06:00:00,54.034483,-119.884447
W006,Smoky,2024-06-02T10:00:00,54.076486,-119.743794
W006,Smoky,2024-06-02T14:00:00,54.137238,-119.538054
W006,Smoky,2024-06-02T18:00:00,54.042204,-119.702044
W006,Smoky,2024-06-02T22:00:00,54.126817,-119.760437
W006,Smoky,2024-06-03T02:00:00,54.247622,-119.863787
W006,Smoky,2024-06-03T06:00:00,54.312116,-119.971778
W006,Smoky,2024-06-03T10:00:00,54.218383,-119.813895
W006,Smoky,2024-06-03T14:00:00,54.189267,-119.588204
W006,Smoky,2024-06-03T18:00:00,54.246974,-119.797044
W006,Smoky,2024-06-03T22:00:00,54.140487,-119.790069
W006,Smoky,2024-06-04T02:00:00,54.008071,-119.744029
W006,Smoky,2024-06-04T06:00:00,54.098987,-119.79014
W006,Smoky,2024-06-04T10:00:00,54.159786,-119.620958
W006,Smoky,2024-06-04T14:00:00,54.196729,-119.472089
W006,Smoky,2024-06-04T18:00:00,54.172817,-119.658524
W006,Smoky,2024-06-04T22:00:00,54.103287,-119.712411
W006,Smoky,2024-06-05T02:00:00,54.170477,-119.85797
W006,Smoky,2024-06-05T06:00:00,54.24782,-119.957768
W006,Smoky,2024-06-05T10:00:00,54.245183,-119.755529
W006,Smoky,2024-06-05T14:00:00,54.297386,-119.549854
W006,Smoky,2024-06-05T18:00:00,54.266975,-119.752315
W006,Smoky,2024-06-05T22:00:00,54.155679,-119.831064
W006,Smoky,2024-06-06T02:00:00,54.166773,-119.623393
W006,Smoky,2024-06-06T06:00:00,54.131773,-119.446769
W006,Smoky,2024-06-06T10:00:00,54.134225,-119.554897
W006,Smoky,2024-06-06T14:00:00,54.095836,-119.722465
W006,Smoky,2024-06-06T18:00:00,54.17476,-119.667091
W006,Smoky,2024-06-06T22:00:00,54.075773,-119.552806
W006,Smoky,2024-06-07T02:00:00,53.993254,-119.697858
W006,Smoky,2024-06-07T06:00:00,54.07536,-119.815897
W006,Smoky,2024-06-07T10:00:00,54.144337,-119.709036
W006,Smoky,2024-06-07T14:00:00,54.053287,-119.845428
W006,Smoky,2024-06-07T18:00:00,54.072665,-119.677387
W006,Smoky,2024-06-07T22:00:00,54.071028,-119.873443
W006,Smoky,2024-06-08T02:00:00,53.979827,-119.995163
W006,Smoky,2024-06-08T06:00:00,54.014172,-119.856523
W006,Smoky,2024-06-08T10:00:00,54.089425,-119.785302
W006,Smoky,2024-06-08T14:00:00,54.091043,-119.612087
W006,Smoky,2024-06-08T18:00:00,54.122951,-119.768735
W006,Smoky,2024-06-08T22:00:00,54.185207,-119.708698
W006,Smoky,2024-06-09T02:00:00,54.257143,-119.643012
W006,Smoky,2024-06-09T06:00:00,54.176044,-119.78818
W006,Smoky,2024-06-09T10:00:00,54.075157,-119.841385
W006,Smoky,2024-06-09T14:00:00,54.124962,-119.724776
W006,Smoky,2024-06-09T18:00:00,54.074386,-119.563295
W006,Smoky,2024-06-09T22:00:00,54.10157,-119.725936
W006,Smoky,2024-06-10T02:00:00,54.19805,-119.620144
W006,Smoky,2024-06-10T06:00:00,54.077496,-119.707835
W006,Smoky,2024-06-10T10:00:00,53.976026,-119.655735
W006,Smoky,2024-06-10T14:00:00,54.041316,-119.756743
W006,Smoky,2024-06-10T18:00:00,54.166116,-119.795661
W006,Smoky,2024-06-10T22:00:00,54.072276,-119.67285
W006,Smoky,2024-06-11T02:00:00,54.105143,-119.799118
W006,Smoky,2024-06-11T06:00:00,54.208305,-119.747651
W006,Smoky,2024-06-11T10:00:00,54.161051,-119.627999
W006,Smoky,2024-06-11T14:00:00,54.28493,-119.720216
W006,Smoky,2024-06-11T18:00:00,54.287596,-119.943946
W006,Smoky,2024-06-11T22:00:00,54.167666,-119.87917
W006,Smoky,2024-06-12T02:00:00,54.180958,-120.068735
W006,Smoky,2024-06-12T06:00:00,54.288693,-120.010144
W006,Smoky,2024-06-12T10:00:00,54.272436,-119.846909
W006,Smoky,2024-06-12T14:00:00,54.156,-119.765432
W006,Smoky,2024-06-12T18:00:00,54.060219,-119.603188
W006,Smoky,2024-06-12T22:00:00,54.070199,-119.737449
W006,Smoky,2024-06-13T02:00:00,53.988833,-119.772402
W006,Smoky,2024-06-13T06:00:00,54.072933,-119.860004
W006,Smoky,2024-06-13T10:00:00,53.957037,-119.896197
W006,Smoky,2024-06-13T14:00:00,54.074496,-119.80866
W006,Smoky,2024-06-13T18:00:00,54.169915,-119.805111
W006,Smoky,2024-06-13T22:00:00,54.112988,-119.991605
W006,Smoky,2024-06-14T02:00:00,54.190775,-119.858279
W006,Smoky,2024-06-14T06:00:00,54.236138,-120.0144
W006,Smoky,2024-06-14T10:00:00,54.155234,-119.891039
W006,Smoky,2024-06-14T14:00:00,54.139402,-120.061903
W006,Smoky,2024-06-14T18:00:00,54.057554,-119.87835
W006,Smoky,2024-06-14T22:00:00,53.944397,-119.771166
W006,Smoky,2024-06-15T02:00:00,53.987902,-119.94628
W006,Smoky,2024-06-15T06:00:00,54.074469,-119.804227
W006,Smoky,2024-06-15T10:00:00,53.983032,-119.914172
W006,Smoky,2024-06-15T14:00:00,54.077338,-119.814943
W006,Smoky,2024-06-15T18:00:00,54.071241,-119.989614
W006,Smoky,2024-06-15T22:00:00,54.088969,-119.826489
W006,Smoky,2024-06-16T02:00:00,54.197239,-119.758133
W006,Smoky,2024-06-16T06:00:00,54.062144,-119.763787
W006,Smoky,2024-06-16T10:00:00,54.050556,-119.933049
W006,Smoky,2024-06-16T14:00:00,54.158479,-119.794518
W006,Smoky,2024-06-16T18:00:00,54.097584,-119.99103
W006,Smoky,2024-06-16T22:00:00,54.085941,-119.819002
W006,Smoky,2024-06-17T02:00:00,54.10848,-119.610151
W006,Smoky,2024-06-17T06:00:00,54.129005,-119.827127
W006,Smoky,2024-06-17T10:00:00,54.237264,-119.889062
W006,Smoky,2024-06-17T14:00:00,54.142307,-120.05358
W006,Smoky,2024-06-17T18:00:00,54.184943,-119.936231
W006,Smoky,2024-06-17T22:00:00,54.300586,-119.97099
W006,Smoky,2024-06-18T02:00:00,54.242126,-119.76589
W006,Smoky,2024-06-18T06:00:00,54.145572,-119.670021
W006,Smoky,2024-06-18T10:00:00,54.200439,-119.542414
W006,Smoky,2024-06-18T14:00:00,54.233641,-119.679078
W006,Smoky,2024-06-18T18:00:00,54.202053,-119.792692
W006,Smoky,2024-06-18T22:00:00,54.236128,-119.952062
W006,Smoky,2024-06-19T02:00:00,54.117882,-119.840827
W006,Smoky,2024-06-19T06:00:00,54.2122,-119.87385
W006,Smoky,2024-06-19T10:00:00,54.216644,-119.704626
W006,Smoky,2024-06-19T14:00:00,54.246904,-119.533204
W006,Smoky,2024-06-19T18:00:00,54.167703,-119.578444
W006,Smoky,2024-06-19T22:00:00,54.138717,-119.764405
W006,Smoky,2024-06-20T02:00:00,54.12642,-119.584263
W006,Smoky,2024-06-20T06:00:00,54.106796,-119.745574
W006,Smoky,2024-06-20T10:00:00,54.167346,-119.850658
W006,Smoky,2024-06-20T14:00:00,54.148109,-120.052415
W006,Smoky,2024-06-20T18:00:00,54.217607,-119.854539
W006,Smoky,2024-06-20T22:00:00,54.286276,-119.980432
W006,Smoky,2024-06-21T02:00:00,54.201826,-120.004353
W006,Smoky,2024-06-21T06:00:00,54.154029,-119.78826
W006,Smoky,2024-06-21T10:00:00,54.270883,-119.788797
W006,Smoky,2024-06-21T14:00:00,54.168941,-119.739155
W006,Smoky,2024-06-21T18:00:00,54.081865,-119.853642
W006,Smoky,2024-06-21T22:00:00,53.968809,-119.919056
W006,Smoky,2024-06-22T02:00:00,54.07561,-119.778301
W006,Smoky,2024-06-22T06:00:00,53.986933,-119.810741
W006,Smoky,2024-06-22T10:00:00,54.079542,-119.750203
W006,Smoky,2024-06-22T14:00:00,54.150408,-119.664044
W006,Smoky,2024-06-22T18:00:00,54.256084,-119.685322
W006,Smoky,2024-06-22T22:00:00,54.216374,-119.792743
W006,Smoky,2024-06-23T02:00:00,54.110929,-119.684452
W006,Smoky,2024-06-23T06:00:00,54.019269,-119.749246
W006,Smoky,2024-06-23T10:00:00,54.128708,-119.766817
W006,Smoky,2024-06-23T14:00:00,54.036196,-119.852508
W006,Smoky,2024-06-23T18:00:00,54.169088,-119.810758
W006,Smoky,2024-06-23T22:00:00,54.11462,-119.641168
W006,Smoky,2024-06-24T02:00:00,54.031354,-119.640545
W006,Smoky,2024-06-24T06:00:00,54.058899,-119.859438
W006,Smoky,2024-06-24T10:00:00,54.054965,-119.713926
W006,Smoky,2024-06-24T14:00:00,53.974097,-119.884108
W006,Smoky,2024-06-24T18:00:00,54.039244,-119.868153
W006,Smoky,2024-06-24T22:00:00,54.1267,-119.758069
W006,Smoky,2024-06-25T02:00:00,54.108606,-119.921685
W006,Smoky,2024-06-25T06:00:00,54.04295,-119.952048
W006,Smoky,2024-06-25T10:00:00,54.116412,-119.810205
W006,Smoky,2024-06-25T14:00:00,54.217322,-119.773057
W006,Smoky,2024-06-25T18:00:00,54.151997,-119.970988
W006,Smoky,2024-06-25T22:00:00,54.158516,-120.09421
W006,Smoky,2024-06-26T02:00:00,54.118667,-119.978545
W006,Smoky,2024-06-26T06:00:00,54.055348,-119.822176
W006,Smoky,2024-06-26T10:00:00,53.964844,-119.664471
W006,Smoky,2024-06-26T14:00:00,54.006589,-119.836249
W006,Smoky,2024-06-26T18:00:00,54.095227,-119.86365
W006,Smoky,2024-06-26T22:00:00,54.001232,-119.851395
W006,Smoky,2024-06-27T02:00:00,54.1238,-119.773156
W006,Smoky,2024-06-27T06:00:00,54.103646,-119.553715
W006,Smoky,2024-06-27T10:00:00,54.133775,-119.733714
W006,Smoky,2024-06-27T14:00:00,54.175376,-119.90315
W006,Smoky,2024-06-27T18:00:00,54.253923,-119.988583
W006,Smoky,2024-06-27T22:00:00,54.204193,-119.883253
W006,Smoky,2024-06-28T02:00:00,54.271339,-119.727526
W006,Smoky,2024-06-28T06:00:00,54.219724,-119.905366
W006,Smoky,2024-06-28T10:00:00,54.129004,-119.787944
W006,Smoky,2024-06-28T14:00:00,54.062605,-119.671819
W006,Smoky,2024-06-28T18:00:00,54.135222,-119.75889
W006,Smoky,2024-06-28T22:00:00,54.086509,-119.947898
W006,Smoky,2024-06-29T02:00:00,54.14842,-120.097344
W006,Smoky,2024-06-29T06:00:00,54.212552,-119.994818
W006,Smoky,2024-06-29T10:00:00,54.202842,-119.80987
W006,Smoky,2024-06-29T14:00:00,54.288732,-119.75584
W006,Smoky,2024-06-29T18:00:00,54.187535,-119.878106
W006,Smoky,2024-06-29T22:00:00,54.078771,-119.87794
W006,Smoky,2024-06-30T02:00:00,54.00623,-119.93224
W006,Smoky,2024-06-30T06:00:00,54.08284,-119.773225
W006,Smoky,2024-06-30T10:00:00,53.982602,-119.803777
W006,Smoky,2024-06-30T14:00:00,54.101914,-119.780628
W006,Smoky,2024-06-30T18:00:00,53.969926,-119.7457
W006,Smoky,2024-06-30T22:00:00,54.049832,-119.759973
W006,Smoky,2024-07-01T02:00:00,54.14816,-119.844537
W006,Smoky,2024-07-01T06:00:00,54.272278,-119.800093
W006,Smoky,2024-07-01T10:00:00,54.18501,-119.86169
W006,Smoky,2024-07-01T14:00:00,54.283387,-119.903204
